fapar_promedio,fecha_captura
0.111,01/01/2022
,05/01/2022
0.102,06/01/2022
,13/01/2022
0.111,16/01/2022
0.114,26/01/2022
,29/01/2022
0.118,31/01/2022
,06/02/2022
0.128,10/02/2022
,14/02/2022
0.118,15/02/2022
0.11,20/02/2022
,22/02/2022
0.1,25/02/2022
,02/03/2022
0.101,02/03/2022
0.094,07/03/2022
,10/03/2022
0.097,12/03/2022
0.106,17/03/2022
,26/03/2022
0.092,27/03/2022
0.088,01/04/2022
0.081,06/04/2022
0.093,11/04/2022
0.086,16/04/2022
,19/04/2022
0.108,21/04/2022
,27/04/2022
0.098,01/05/2022
,05/05/2022
,06/05/2022
0.1,06/05/2022
,13/05/2022
0.099,16/05/2022
,21/05/2022
0.105,21/05/2022
,23/05/2022
0.112,26/05/2022
0.113,05/06/2022
0.158,10/06/2022
,26/06/2022
,30/06/2022
0.129,30/06/2022
0.148,05/07/2022
0.187,10/07/2022
,13/07/2022
,30/07/2022
0.375,30/07/2022
0.403,04/08/2022
,09/08/2022
0.414,09/08/2022
0.494,14/08/2022
0.592,24/08/2022
,25/08/2022
0.617,13/09/2022
,19/09/2022
0.524,03/10/2022
,04/10/2022
,12/10/2022
0.42,13/10/2022
,23/10/2022
0.36,23/10/2022
,28/10/2022
0.32,28/10/2022
0.275,02/11/2022
,09/11/2022
0.202,12/11/2022
,13/11/2022
0.155,17/11/2022
,21/11/2022
0.143,22/11/2022
,26/11/2022
0.138,27/11/2022
0.11,02/12/2022
,07/12/2022
0.105,07/12/2022
,13/12/2022
,15/12/2022
0.105,17/12/2022
0.098,22/12/2022
0.117,27/12/2022
0.11,01/01/2023
0.104,06/01/2023
,08/01/2023
,16/01/2023
0.097,16/01/2023
0.1,21/01/2023
,24/01/2023
0.092,26/01/2023
0.088,31/01/2023
,01/02/2023
0.09,05/02/2023
,07/02/2023
,09/02/2023
0.084,10/02/2023
0.095,15/02/2023
,17/02/2023
0.083,20/02/2023
,24/02/2023
,25/02/2023
0.087,25/02/2023
0.082,02/03/2023
,05/03/2023
0.088,07/03/2023
,13/03/2023
0.089,17/03/2023
,21/03/2023
0.084,22/03/2023
0.087,27/03/2023
,29/03/2023
0.081,01/04/2023
,04/04/2023
,06/04/2023
0.082,06/04/2023
,14/04/2023
0.088,16/04/2023
0.087,21/04/2023
,30/04/2023
,08/05/2023
,16/05/2023
0.097,16/05/2023
,18/05/2023
0.1,21/05/2023
0.129,26/05/2023
0.158,31/05/2023
,01/06/2023
0.109,05/06/2023
,09/06/2023
0.114,10/06/2023
0.12,15/06/2023
,17/06/2023
0.116,20/06/2023
,03/07/2023
0.266,10/07/2023
,11/07/2023
0.375,15/07/2023
,19/07/2023
0.414,20/07/2023
0.528,25/07/2023
0.581,09/08/2023
,12/08/2023
0.572,29/08/2023
0.55,03/09/2023
,05/09/2023
,13/09/2023
0.48,13/09/2023
0.348,18/09/2023
,21/09/2023
0.363,23/09/2023
0.294,28/09/2023
,29/09/2023
0.277,03/10/2023
0.206,13/10/2023
0.179,18/10/2023
,23/10/2023
0.136,23/10/2023
,31/10/2023
0.099,07/11/2023
,08/11/2023
,16/11/2023
0.096,17/11/2023
,24/11/2023
0.135,12/12/2023
0.118,17/12/2023
,18/12/2023
0.124,22/12/2023
0.129,01/01/2024
0.125,06/01/2024
,16/01/2024
0.083,16/01/2024
0.094,26/01/2024
,27/01/2024
,04/02/2024
0.089,05/02/2024
0.093,10/02/2024
,12/02/2024
0.083,15/02/2024
,20/02/2024
0.095,20/02/2024
0.084,25/02/2024
,28/02/2024
0.087,01/03/2024
0.083,06/03/2024
,07/03/2024
0.085,11/03/2024
,15/03/2024
0.078,16/03/2024
0.086,21/03/2024
,23/03/2024
0.076,26/03/2024
,31/03/2024
0.08,31/03/2024
,08/04/2024
0.08,10/04/2024
0.075,15/04/2024
,16/04/2024
0.09,20/04/2024
,24/04/2024
0.078,25/04/2024
0.084,30/04/2024
,02/05/2024
0.085,05/05/2024
0.103,10/05/2024
,18/05/2024
0.095,20/05/2024
0.114,25/05/2024
,26/05/2024
0.123,30/05/2024
,03/06/2024
0.112,04/06/2024
0.095,09/06/2024
,11/06/2024
0.13,29/06/2024
0.16,04/07/2024
,05/07/2024
0.193,14/07/2024
,21/07/2024
,29/07/2024
0.338,29/07/2024
0.279,03/08/2024
0.465,08/08/2024
0.519,13/08/2024
,14/08/2024
0.569,18/08/2024
,22/08/2024
,30/08/2024
0.686,02/09/2024
,15/09/2024
0.665,22/09/2024
,23/09/2024
,09/10/2024
0.516,12/10/2024
,17/10/2024
0.487,17/10/2024
0.456,22/10/2024
,25/10/2024
0.374,01/11/2024
,02/11/2024
0.396,06/11/2024
,10/11/2024
0.35,11/11/2024
0.321,16/11/2024
,18/11/2024
0.342,21/11/2024
,26/11/2024
0.217,26/11/2024
0.181,01/12/2024
,04/12/2024
0.157,06/12/2024
0.143,11/12/2024
,12/12/2024
0.134,16/12/2024
0.121,21/12/2024
0.131,26/12/2024
,28/12/2024
0.113,31/12/2024
,13/01/2025
0.132,15/01/2025
0.1,20/01/2025
,21/01/2025
0.106,25/01/2025
0.107,04/02/2025
,06/02/2025
0.096,09/02/2025
,14/02/2025
0.094,14/02/2025
,22/02/2025
0.095,24/02/2025
0.09,01/03/2025
,02/03/2025
0.092,06/03/2025
,10/03/2025
0.095,11/03/2025
0.089,16/03/2025
,18/03/2025
0.094,18/03/2025
0.092,21/03/2025
0.089,26/03/2025
,03/04/2025
0.083,05/04/2025
0.089,07/04/2025
0.082,10/04/2025
,11/04/2025
0.076,15/04/2025
,19/04/2025
0.076,20/04/2025
0.086,25/04/2025
,27/04/2025
0.083,27/04/2025
0.081,30/04/2025
0.08,15/05/2025
0.083,17/05/2025
0.077,20/05/2025
,21/05/2025
,06/06/2025
0.122,06/06/2025
0.128,09/06/2025
0.278,04/07/2025
0.189,14/07/2025
,16/07/2025
0.223,16/07/2025
0.191,19/07/2025
,24/07/2025
0.197,24/07/2025
0.187,29/07/2025
0.214,03/08/2025
0.243,05/08/2025
0.29,08/08/2025
,09/08/2025
0.348,13/08/2025
,17/08/2025
,25/08/2025
0.595,25/08/2025
0.64,28/08/2025
0.702,14/09/2025
0.733,22/09/2025
0.679,27/09/2025
0.522,02/10/2025
0.67,12/10/2025
0.643,14/10/2025
0.624,17/10/2025
0.514,27/10/2025
,28/10/2025
0.466,01/11/2025
,05/11/2025
0.411,06/11/2025
0.399,11/11/2025
,13/11/2025
0.355,16/11/2025
,21/11/2025
0.327,21/11/2025
0.336,23/11/2025
0.327,26/11/2025
,07/12/2025
0.171,11/12/2025
0.153,21/12/2025
,23/12/2025
0.141,26/12/2025
,31/12/2025
0.116,31/12/2025
0.081,01/01/2022
,05/01/2022
0.08,06/01/2022
0.076,16/01/2022
0.073,26/01/2022
,29/01/2022
0.076,31/01/2022
0.077,05/02/2022
,06/02/2022
0.08,10/02/2022
,14/02/2022
0.077,20/02/2022
,22/02/2022
0.075,25/02/2022
,02/03/2022
0.071,02/03/2022
,10/03/2022
0.068,12/03/2022
0.082,17/03/2022
,26/03/2022
0.071,27/03/2022
0.069,01/04/2022
,03/04/2022
0.073,06/04/2022
0.093,11/04/2022
0.074,16/04/2022
,19/04/2022
,20/04/2022
0.077,21/04/2022
,27/04/2022
,28/04/2022
,05/05/2022
0.102,06/05/2022
,13/05/2022
,14/05/2022
0.099,16/05/2022
,21/05/2022
0.1,21/05/2022
,23/05/2022
0.112,26/05/2022
0.135,31/05/2022
0.128,05/06/2022
,06/06/2022
,09/06/2022
0.138,10/06/2022
0.186,25/06/2022
,30/06/2022
0.192,30/06/2022
,01/07/2022
,08/07/2022
0.277,10/07/2022
,16/07/2022
0.312,20/07/2022
,24/07/2022
0.471,30/07/2022
,18/08/2022
0.737,24/08/2022
,10/09/2022
0.713,18/09/2022
0.516,03/10/2022
0.407,13/10/2022
,20/10/2022
,23/10/2022
0.302,23/10/2022
,28/10/2022
0.28,28/10/2022
0.266,02/11/2022
,09/11/2022
0.172,12/11/2022
0.178,17/11/2022
,21/11/2022
0.176,22/11/2022
0.16,27/11/2022
,29/11/2022
0.138,02/12/2022
,07/12/2022
0.114,07/12/2022
,13/12/2022
,15/12/2022
0.082,17/12/2022
0.082,22/12/2022
0.081,27/12/2022
0.075,01/01/2023
0.071,06/01/2023
,08/01/2023
0.063,11/01/2023
,16/01/2023
0.061,16/01/2023
0.059,21/01/2023
,24/01/2023
0.063,26/01/2023
0.06,31/01/2023
,01/02/2023
,02/02/2023
0.061,05/02/2023
,09/02/2023
,10/02/2023
0.06,15/02/2023
,17/02/2023
0.061,20/02/2023
,24/02/2023
,25/02/2023
0.062,25/02/2023
0.062,02/03/2023
,05/03/2023
0.061,07/03/2023
0.062,12/03/2023
,13/03/2023
0.074,17/03/2023
,21/03/2023
0.064,22/03/2023
0.082,27/03/2023
0.077,01/04/2023
,04/04/2023
0.095,06/04/2023
,14/04/2023
0.186,16/04/2023
0.083,21/04/2023
,30/04/2023
0.085,01/05/2023
,08/05/2023
,09/05/2023
0.112,11/05/2023
,18/05/2023
0.118,21/05/2023
0.102,26/05/2023
0.148,05/06/2023
,09/06/2023
0.199,10/06/2023
0.235,15/06/2023
,17/06/2023
0.242,20/06/2023
,11/07/2023
,19/07/2023
0.401,20/07/2023
0.381,09/08/2023
,28/08/2023
0.457,29/08/2023
,05/09/2023
0.386,08/09/2023
,13/09/2023
,21/09/2023
0.257,23/09/2023
0.245,28/09/2023
,29/09/2023
0.186,03/10/2023
0.135,18/10/2023
,23/10/2023
0.115,23/10/2023
,31/10/2023
0.084,07/11/2023
,08/11/2023
,16/11/2023
0.066,17/11/2023
,24/11/2023
0.071,12/12/2023
0.073,17/12/2023
,18/12/2023
0.058,22/12/2023
0.058,01/01/2024
0.061,06/01/2024
0.061,16/01/2024
0.064,26/01/2024
,27/01/2024
0.076,31/01/2024
,04/02/2024
,05/02/2024
0.063,05/02/2024
0.066,10/02/2024
,12/02/2024
0.064,15/02/2024
,20/02/2024
0.062,20/02/2024
,21/02/2024
0.062,25/02/2024
,28/02/2024
,29/02/2024
0.063,01/03/2024
0.061,06/03/2024
,07/03/2024
0.062,11/03/2024
,15/03/2024
,16/03/2024
0.062,16/03/2024
0.066,21/03/2024
,23/03/2024
0.071,26/03/2024
,31/03/2024
0.061,31/03/2024
,01/04/2024
0.06,05/04/2024
,08/04/2024
0.061,10/04/2024
0.073,15/04/2024
,17/04/2024
0.063,20/04/2024
,24/04/2024
,25/04/2024
0.066,25/04/2024
0.065,30/04/2024
0.069,05/05/2024
0.074,10/05/2024
,11/05/2024
0.069,15/05/2024
,18/05/2024
0.074,20/05/2024
0.077,25/05/2024
,26/05/2024
,27/05/2024
0.079,30/05/2024
,03/06/2024
,04/06/2024
0.076,04/06/2024
0.087,09/06/2024
,11/06/2024
0.224,29/06/2024
0.297,04/07/2024
,05/07/2024
,06/07/2024
,13/07/2024
,29/07/2024
0.368,29/07/2024
0.364,03/08/2024
0.43,13/08/2024
,14/08/2024
0.405,18/08/2024
,23/08/2024
,30/08/2024
0.571,02/09/2024
0.761,17/09/2024
0.695,22/09/2024
,09/10/2024
0.59,12/10/2024
0.557,22/10/2024
0.474,01/11/2024
,02/11/2024
0.435,06/11/2024
,10/11/2024
0.391,11/11/2024
0.267,16/11/2024
,18/11/2024
0.254,21/11/2024
,26/11/2024
0.137,26/11/2024
,27/11/2024
0.124,01/12/2024
,04/12/2024
0.114,06/12/2024
,12/12/2024
0.108,21/12/2024
0.107,26/12/2024
,28/12/2024
0.088,31/12/2024
,13/01/2025
0.083,15/01/2025
0.093,20/01/2025
,21/01/2025
0.08,25/01/2025
0.079,30/01/2025
0.082,04/02/2025
,06/02/2025
,07/02/2025
0.079,09/02/2025
,14/02/2025
,15/02/2025
,22/02/2025
0.089,24/02/2025
0.081,01/03/2025
,02/03/2025
0.083,06/03/2025
,10/03/2025
0.092,11/03/2025
0.087,16/03/2025
,18/03/2025
0.089,18/03/2025
0.094,21/03/2025
,26/03/2025
0.107,31/03/2025
,03/04/2025
0.084,05/04/2025
0.09,07/04/2025
0.08,10/04/2025
,11/04/2025
0.058,15/04/2025
,19/04/2025
,20/04/2025
0.061,20/04/2025
0.059,25/04/2025
,27/04/2025
0.059,27/04/2025
,05/05/2025
0.077,05/05/2025
,06/05/2025
,13/05/2025
0.07,15/05/2025
0.067,17/05/2025
0.08,20/05/2025
,21/05/2025
,22/05/2025
,06/06/2025
0.256,06/06/2025
0.521,14/06/2025
0.717,04/07/2025
,08/07/2025
0.708,14/07/2025
0.624,16/07/2025
,24/07/2025
0.587,24/07/2025
0.616,29/07/2025
,01/08/2025
0.586,03/08/2025
0.592,05/08/2025
0.618,08/08/2025
0.581,13/08/2025
,17/08/2025
,25/08/2025
0.622,25/08/2025
0.601,28/08/2025
0.61,02/09/2025
,18/09/2025
0.485,22/09/2025
0.362,12/10/2025
,13/10/2025
0.409,14/10/2025
0.429,17/10/2025
0.228,27/10/2025
,28/10/2025
0.191,01/11/2025
0.174,03/11/2025
0.143,06/11/2025
0.193,11/11/2025
,13/11/2025
0.112,16/11/2025
,21/11/2025
0.119,21/11/2025
0.118,23/11/2025
0.124,26/11/2025
,29/11/2025
0.112,01/12/2025
,07/12/2025
0.14,11/12/2025
0.114,16/12/2025
0.105,21/12/2025
,23/12/2025
0.117,26/12/2025
,31/12/2025
0.098,31/12/2025
0.342,01/01/2022
,05/01/2022
0.336,06/01/2022
,13/01/2022
0.342,16/01/2022
0.323,26/01/2022
,29/01/2022
0.316,31/01/2022
0.303,10/02/2022
,14/02/2022
0.272,20/02/2022
,22/02/2022
0.214,02/03/2022
,02/03/2022
0.205,07/03/2022
,10/03/2022
0.194,12/03/2022
0.186,17/03/2022
,26/03/2022
0.125,27/03/2022
0.125,01/04/2022
,03/04/2022
0.124,06/04/2022
,11/04/2022
0.117,16/04/2022
,19/04/2022
0.127,21/04/2022
,05/05/2022
0.12,06/05/2022
,06/05/2022
,13/05/2022
0.102,16/05/2022
0.116,21/05/2022
,21/05/2022
,23/05/2022
0.11,26/05/2022
0.1,05/06/2022
,06/06/2022
0.115,10/06/2022
0.129,30/06/2022
,30/06/2022
0.178,05/07/2022
0.211,10/07/2022
,13/07/2022
0.154,20/07/2022
0.206,30/07/2022
,30/07/2022
0.197,04/08/2022
,25/08/2022
,10/09/2022
0.567,03/10/2022
,04/10/2022
,12/10/2022
0.552,13/10/2022
,20/10/2022
0.558,23/10/2022
,23/10/2022
0.555,28/10/2022
0.542,02/11/2022
,05/11/2022
0.438,22/11/2022
,26/11/2022
,29/11/2022
0.391,02/12/2022
0.344,07/12/2022
,07/12/2022
,13/12/2022
,15/12/2022
0.28,17/12/2022
0.236,22/12/2022
0.27,27/12/2022
0.237,06/01/2023
,08/01/2023
0.147,11/01/2023
0.195,16/01/2023
,16/01/2023
0.185,21/01/2023
,24/01/2023
0.19,26/01/2023
0.148,31/01/2023
,01/02/2023
0.141,05/02/2023
,07/02/2023
,09/02/2023
0.143,10/02/2023
0.117,15/02/2023
,17/02/2023
0.102,20/02/2023
,24/02/2023
0.102,25/02/2023
,25/02/2023
0.088,02/03/2023
0.091,07/03/2023
0.085,12/03/2023
,13/03/2023
0.079,17/03/2023
,21/03/2023
0.064,22/03/2023
0.074,27/03/2023
0.067,01/04/2023
0.08,06/04/2023
,14/04/2023
,26/04/2023
,30/04/2023
0.081,01/05/2023
,08/05/2023
0.073,11/05/2023
0.096,16/05/2023
,18/05/2023
0.131,21/05/2023
0.134,31/05/2023
,01/06/2023
0.107,05/06/2023
,09/06/2023
0.109,10/06/2023
0.083,15/06/2023
,17/06/2023
0.077,20/06/2023
0.118,05/07/2023
,11/07/2023
,19/07/2023
0.152,20/07/2023
,28/07/2023
,12/08/2023
0.432,19/08/2023
0.584,29/08/2023
0.578,03/09/2023
,05/09/2023
0.505,13/09/2023
,13/09/2023
0.328,18/09/2023
,21/09/2023
0.38,23/09/2023
,12/10/2023
0.111,18/10/2023
0.124,23/10/2023
,31/10/2023
0.177,02/11/2023
0.094,07/11/2023
,08/11/2023
,16/11/2023
0.092,17/11/2023
,24/11/2023
0.143,12/12/2023
0.165,17/12/2023
0.142,22/12/2023
0.139,01/01/2024
,03/01/2024
0.098,06/01/2024
0.072,16/01/2024
,16/01/2024
0.076,26/01/2024
,27/01/2024
,04/02/2024
0.079,05/02/2024
0.082,10/02/2024
,12/02/2024
0.078,15/02/2024
0.084,20/02/2024
,20/02/2024
0.081,25/02/2024
,28/02/2024
0.094,01/03/2024
0.079,06/03/2024
,07/03/2024
0.086,11/03/2024
,15/03/2024
0.088,16/03/2024
0.095,21/03/2024
,23/03/2024
0.094,26/03/2024
0.104,31/03/2024
,31/03/2024
0.099,05/04/2024
,08/04/2024
0.115,10/04/2024
0.125,15/04/2024
,16/04/2024
,24/04/2024
0.074,25/04/2024
,18/05/2024
0.079,20/05/2024
0.075,25/05/2024
,26/05/2024
0.086,30/05/2024
,03/06/2024
0.086,04/06/2024
0.095,09/06/2024
,11/06/2024
,05/07/2024
0.518,29/07/2024
,29/07/2024
0.573,03/08/2024
0.447,13/08/2024
,14/08/2024
0.266,02/09/2024
,09/10/2024
0.504,12/10/2024
0.563,22/10/2024
,25/10/2024
,02/11/2024
0.592,06/11/2024
,10/11/2024
0.594,11/11/2024
0.586,16/11/2024
,18/11/2024
0.584,26/11/2024
,26/11/2024
0.561,01/12/2024
,04/12/2024
0.541,06/12/2024
,12/12/2024
0.441,16/12/2024
0.466,26/12/2024
,28/12/2024
0.435,31/12/2024
,13/01/2025
0.427,15/01/2025
0.408,20/01/2025
,21/01/2025
0.386,25/01/2025
0.386,30/01/2025
0.384,04/02/2025
,06/02/2025
0.365,09/02/2025
0.357,14/02/2025
,14/02/2025
,22/02/2025
0.321,24/02/2025
0.243,01/03/2025
,02/03/2025
,10/03/2025
0.214,11/03/2025
0.199,16/03/2025
0.198,18/03/2025
,18/03/2025
0.184,21/03/2025
0.18,26/03/2025
0.16,31/03/2025
,03/04/2025
0.146,05/04/2025
0.164,07/04/2025
0.142,10/04/2025
,11/04/2025
0.1,15/04/2025
,19/04/2025
0.116,20/04/2025
0.106,25/04/2025
0.096,27/04/2025
,27/04/2025
0.107,30/04/2025
0.078,15/05/2025
0.089,17/05/2025
0.093,20/05/2025
,21/05/2025
0.132,04/06/2025
,06/06/2025
0.106,09/06/2025
0.151,14/06/2025
0.193,04/07/2025
0.263,14/07/2025
0.324,16/07/2025
0.404,19/07/2025
0.455,24/07/2025
,24/07/2025
0.48,29/07/2025
0.494,03/08/2025
0.538,05/08/2025
0.524,08/08/2025
,09/08/2025
0.601,13/08/2025
,17/08/2025
0.663,23/08/2025
0.723,28/08/2025
0.75,02/09/2025
,18/09/2025
0.623,22/09/2025
0.5,27/09/2025
,04/10/2025
0.537,12/10/2025
,12/10/2025
0.376,17/10/2025
0.359,27/10/2025
,28/10/2025
0.372,01/11/2025
0.354,03/11/2025
,05/11/2025
0.376,06/11/2025
0.377,11/11/2025
,13/11/2025
0.371,16/11/2025
0.374,21/11/2025
,21/11/2025
0.394,23/11/2025
0.407,26/11/2025
,29/11/2025
0.407,01/12/2025
0.428,11/12/2025
0.478,16/12/2025
0.37,26/12/2025
0.379,31/12/2025
,31/12/2025
0.094,01/01/2022
,05/01/2022
0.084,06/01/2022
,13/01/2022
0.09,16/01/2022
0.088,26/01/2022
,29/01/2022
0.088,31/01/2022
0.084,05/02/2022
,06/02/2022
0.093,10/02/2022
,14/02/2022
0.094,15/02/2022
0.083,20/02/2022
,22/02/2022
0.072,25/02/2022
,02/03/2022
0.075,02/03/2022
0.069,07/03/2022
,10/03/2022
0.074,12/03/2022
0.079,17/03/2022
,26/03/2022
0.067,27/03/2022
0.068,01/04/2022
0.062,06/04/2022
,11/04/2022
0.064,16/04/2022
,19/04/2022
0.072,21/04/2022
,27/04/2022
0.071,01/05/2022
,05/05/2022
,06/05/2022
0.065,06/05/2022
,13/05/2022
0.069,16/05/2022
,21/05/2022
0.069,21/05/2022
,23/05/2022
0.068,26/05/2022
0.067,31/05/2022
0.068,05/06/2022
0.077,10/06/2022
,26/06/2022
,30/06/2022
0.155,30/06/2022
0.246,05/07/2022
0.343,10/07/2022
,13/07/2022
0.505,20/07/2022
,24/07/2022
,30/07/2022
0.598,30/07/2022
0.612,04/08/2022
0.578,09/08/2022
0.567,24/08/2022
,25/08/2022
,10/09/2022
0.316,13/09/2022
,19/09/2022
0.297,03/10/2022
,12/10/2022
0.234,13/10/2022
,23/10/2022
0.125,23/10/2022
,28/10/2022
0.102,02/11/2022
,09/11/2022
0.082,12/11/2022
,13/11/2022
0.084,17/11/2022
,21/11/2022
0.078,22/11/2022
,26/11/2022
0.083,27/11/2022
0.075,02/12/2022
,07/12/2022
0.073,07/12/2022
,13/12/2022
,15/12/2022
0.076,17/12/2022
0.068,22/12/2022
0.087,27/12/2022
0.08,01/01/2023
0.077,06/01/2023
,08/01/2023
0.079,11/01/2023
,16/01/2023
0.081,16/01/2023
0.084,21/01/2023
,24/01/2023
0.071,26/01/2023
0.075,31/01/2023
,01/02/2023
0.074,05/02/2023
,07/02/2023
,09/02/2023
0.065,10/02/2023
0.076,15/02/2023
,17/02/2023
0.064,20/02/2023
,24/02/2023
,25/02/2023
0.068,25/02/2023
0.062,02/03/2023
,05/03/2023
0.066,07/03/2023
0.06,12/03/2023
,13/03/2023
0.073,17/03/2023
,21/03/2023
0.061,22/03/2023
0.067,27/03/2023
0.059,01/04/2023
,04/04/2023
,06/04/2023
0.058,06/04/2023
,14/04/2023
0.063,16/04/2023
0.058,21/04/2023
0.075,26/04/2023
,08/05/2023
0.055,11/05/2023
,16/05/2023
0.062,16/05/2023
,18/05/2023
0.076,21/05/2023
0.086,26/05/2023
0.071,31/05/2023
,01/06/2023
0.094,05/06/2023
,09/06/2023
0.111,10/06/2023
0.133,15/06/2023
,17/06/2023
0.137,20/06/2023
,03/07/2023
0.216,05/07/2023
0.304,10/07/2023
,11/07/2023
0.4,15/07/2023
,19/07/2023
0.45,20/07/2023
0.494,09/08/2023
,12/08/2023
0.378,29/08/2023
0.313,03/09/2023
,05/09/2023
,13/09/2023
0.281,13/09/2023
,15/09/2023
0.263,18/09/2023
,21/09/2023
0.196,23/09/2023
0.164,28/09/2023
,29/09/2023
0.103,18/10/2023
,23/10/2023
0.099,23/10/2023
,31/10/2023
0.08,07/11/2023
,08/11/2023
0.087,12/11/2023
,13/11/2023
,16/11/2023
0.078,17/11/2023
,24/11/2023
0.126,12/12/2023
0.129,17/12/2023
,18/12/2023
0.123,22/12/2023
0.082,01/01/2024
0.078,06/01/2024
0.075,16/01/2024
,27/01/2024
,04/02/2024
0.072,05/02/2024
0.075,10/02/2024
,12/02/2024
0.066,15/02/2024
,20/02/2024
0.077,20/02/2024
0.065,25/02/2024
,28/02/2024
0.069,01/03/2024
0.067,06/03/2024
,07/03/2024
0.068,11/03/2024
,15/03/2024
0.062,16/03/2024
0.07,21/03/2024
,23/03/2024
0.06,26/03/2024
,31/03/2024
0.062,31/03/2024
0.06,05/04/2024
,08/04/2024
0.063,10/04/2024
0.057,15/04/2024
,16/04/2024
0.065,20/04/2024
,24/04/2024
0.06,25/04/2024
0.066,30/04/2024
,02/05/2024
0.07,05/05/2024
,10/05/2024
0.058,15/05/2024
,18/05/2024
0.067,20/05/2024
0.069,25/05/2024
,26/05/2024
0.074,30/05/2024
,03/06/2024
0.07,04/06/2024
,11/06/2024
0.121,29/06/2024
0.153,04/07/2024
,05/07/2024
0.182,09/07/2024
0.293,14/07/2024
,21/07/2024
,29/07/2024
0.651,29/07/2024
0.658,03/08/2024
0.613,08/08/2024
0.702,13/08/2024
,14/08/2024
0.645,18/08/2024
,22/08/2024
0.614,28/08/2024
,30/08/2024
0.586,02/09/2024
0.537,17/09/2024
0.486,22/09/2024
,23/09/2024
,09/10/2024
0.348,12/10/2024
,17/10/2024
0.323,17/10/2024
0.326,22/10/2024
,25/10/2024
0.265,01/11/2024
,02/11/2024
0.277,06/11/2024
,10/11/2024
0.256,11/11/2024
0.234,16/11/2024
,18/11/2024
,26/11/2024
0.135,26/11/2024
0.103,01/12/2024
,04/12/2024
0.114,06/12/2024
0.096,11/12/2024
,12/12/2024
0.096,16/12/2024
0.088,21/12/2024
0.097,26/12/2024
,28/12/2024
0.084,31/12/2024
0.093,10/01/2025
,13/01/2025
0.104,15/01/2025
0.09,20/01/2025
,21/01/2025
0.082,25/01/2025
0.074,30/01/2025
0.084,04/02/2025
,06/02/2025
0.074,09/02/2025
,14/02/2025
0.075,14/02/2025
,22/02/2025
0.079,24/02/2025
0.073,01/03/2025
,02/03/2025
0.078,06/03/2025
,10/03/2025
0.073,11/03/2025
0.07,16/03/2025
,18/03/2025
0.076,18/03/2025
0.072,21/03/2025
,26/03/2025
0.075,26/03/2025
,03/04/2025
0.07,05/04/2025
0.075,07/04/2025
0.068,10/04/2025
,11/04/2025
0.062,15/04/2025
,19/04/2025
0.06,20/04/2025
0.064,25/04/2025
,27/04/2025
0.066,27/04/2025
0.06,30/04/2025
,05/05/2025
0.065,15/05/2025
0.068,17/05/2025
0.061,20/05/2025
,21/05/2025
0.081,30/05/2025
,06/06/2025
0.117,06/06/2025
0.133,09/06/2025
0.205,14/06/2025
0.239,04/07/2025
0.307,16/07/2025
0.315,19/07/2025
,24/07/2025
0.253,24/07/2025
0.279,29/07/2025
,01/08/2025
0.295,03/08/2025
0.318,05/08/2025
0.346,08/08/2025
,09/08/2025
0.384,13/08/2025
,17/08/2025
0.496,23/08/2025
0.511,25/08/2025
0.508,28/08/2025
0.557,07/09/2025
,10/09/2025
0.578,14/09/2025
0.54,22/09/2025
0.552,27/09/2025
0.515,02/10/2025
0.465,12/10/2025
0.444,14/10/2025
0.431,17/10/2025
0.335,27/10/2025
,28/10/2025
0.307,01/11/2025
,05/11/2025
0.279,06/11/2025
0.27,11/11/2025
,13/11/2025
0.218,16/11/2025
,21/11/2025
0.16,21/11/2025
0.14,23/11/2025
0.137,26/11/2025
,29/11/2025
0.122,01/12/2025
,07/12/2025
0.127,11/12/2025
0.111,21/12/2025
,23/12/2025
0.133,26/12/2025
,31/12/2025
0.1,31/12/2025
0.077,01/01/2022
,05/01/2022
0.076,06/01/2022
0.064,16/01/2022
0.063,26/01/2022
,29/01/2022
0.063,31/01/2022
0.064,05/02/2022
,06/02/2022
0.067,10/02/2022
,14/02/2022
0.065,20/02/2022
,22/02/2022
0.065,25/02/2022
,02/03/2022
0.062,02/03/2022
,10/03/2022
0.064,12/03/2022
0.074,17/03/2022
,26/03/2022
0.065,27/03/2022
0.061,01/04/2022
,03/04/2022
,04/04/2022
0.063,06/04/2022
0.107,11/04/2022
0.085,16/04/2022
,19/04/2022
,20/04/2022
0.087,21/04/2022
,27/04/2022
,28/04/2022
,05/05/2022
0.155,06/05/2022
,13/05/2022
,14/05/2022
0.212,16/05/2022
,21/05/2022
0.192,21/05/2022
,23/05/2022
0.288,26/05/2022
0.254,31/05/2022
0.298,05/06/2022
,06/06/2022
,07/06/2022
0.083,10/06/2022
,23/06/2022
0.104,25/06/2022
,30/06/2022
0.107,30/06/2022
,08/07/2022
0.167,10/07/2022
,16/07/2022
,24/07/2022
0.519,30/07/2022
,02/08/2022
,09/08/2022
0.574,09/08/2022
,18/08/2022
0.658,24/08/2022
,25/08/2022
,26/08/2022
,10/09/2022
,11/09/2022
0.505,03/10/2022
0.391,13/10/2022
,20/10/2022
,23/10/2022
0.284,23/10/2022
,28/10/2022
0.261,28/10/2022
0.216,02/11/2022
,09/11/2022
,13/11/2022
0.157,17/11/2022
,21/11/2022
0.11,22/11/2022
,26/11/2022
0.162,27/11/2022
,30/11/2022
0.112,02/12/2022
,07/12/2022
0.092,07/12/2022
,13/12/2022
,15/12/2022
0.088,17/12/2022
0.087,22/12/2022
0.095,27/12/2022
0.078,01/01/2023
0.076,06/01/2023
,08/01/2023
0.07,11/01/2023
,16/01/2023
0.094,16/01/2023
0.071,21/01/2023
,24/01/2023
0.068,26/01/2023
0.063,31/01/2023
,01/02/2023
,02/02/2023
0.062,05/02/2023
,09/02/2023
,10/02/2023
0.048,15/02/2023
,17/02/2023
,18/02/2023
0.048,20/02/2023
,24/02/2023
,25/02/2023
0.047,25/02/2023
0.052,02/03/2023
,05/03/2023
0.05,07/03/2023
0.051,12/03/2023
,13/03/2023
,14/03/2023
0.063,17/03/2023
,21/03/2023
0.06,22/03/2023
0.07,27/03/2023
0.073,01/04/2023
0.083,06/04/2023
,14/04/2023
0.165,16/04/2023
0.067,21/04/2023
,30/04/2023
0.075,01/05/2023
,08/05/2023
,09/05/2023
,17/05/2023
0.103,21/05/2023
0.084,26/05/2023
0.115,05/06/2023
,09/06/2023
0.161,10/06/2023
0.209,15/06/2023
,17/06/2023
,18/06/2023
0.238,20/06/2023
,11/07/2023
,19/07/2023
0.454,20/07/2023
0.448,09/08/2023
0.396,29/08/2023
0.356,03/09/2023
,05/09/2023
,06/09/2023
0.302,08/09/2023
,13/09/2023
0.255,13/09/2023
,15/09/2023
,21/09/2023
0.189,23/09/2023
0.178,28/09/2023
,29/09/2023
0.183,03/10/2023
,12/10/2023
0.103,18/10/2023
0.107,23/10/2023
,24/10/2023
,31/10/2023
0.08,07/11/2023
,08/11/2023
,16/11/2023
0.056,17/11/2023
,24/11/2023
,25/11/2023
0.054,12/12/2023
0.053,17/12/2023
,18/12/2023
,19/12/2023
0.042,22/12/2023
0.034,01/01/2024
0.036,06/01/2024
0.038,16/01/2024
0.041,26/01/2024
,27/01/2024
,28/01/2024
0.051,31/01/2024
,04/02/2024
,05/02/2024
0.042,05/02/2024
0.042,10/02/2024
,12/02/2024
,13/02/2024
0.046,15/02/2024
,20/02/2024
0.045,20/02/2024
0.046,25/02/2024
,29/02/2024
0.05,01/03/2024
0.047,06/03/2024
,07/03/2024
,08/03/2024
0.049,11/03/2024
,16/03/2024
0.05,16/03/2024
0.051,21/03/2024
,23/03/2024
0.063,26/03/2024
,31/03/2024
0.05,31/03/2024
,01/04/2024
0.052,05/04/2024
,08/04/2024
0.052,10/04/2024
0.068,15/04/2024
,17/04/2024
0.051,20/04/2024
,24/04/2024
,25/04/2024
0.053,25/04/2024
0.05,30/04/2024
0.06,05/05/2024
0.074,10/05/2024
,11/05/2024
0.057,15/05/2024
,18/05/2024
,19/05/2024
0.068,20/05/2024
0.071,25/05/2024
,26/05/2024
,27/05/2024
0.077,30/05/2024
,03/06/2024
,04/06/2024
0.078,04/06/2024
0.087,09/06/2024
,11/06/2024
0.159,29/06/2024
0.214,04/07/2024
,05/07/2024
,06/07/2024
,13/07/2024
,21/07/2024
,29/07/2024
0.664,29/07/2024
0.686,03/08/2024
0.692,13/08/2024
,14/08/2024
,23/08/2024
0.662,02/09/2024
0.787,17/09/2024
0.707,22/09/2024
,23/09/2024
,09/10/2024
0.499,12/10/2024
0.461,22/10/2024
0.373,01/11/2024
,02/11/2024
0.35,06/11/2024
,10/11/2024
0.331,11/11/2024
0.305,16/11/2024
,18/11/2024
0.3,21/11/2024
,26/11/2024
0.16,26/11/2024
,27/11/2024
0.153,01/12/2024
,04/12/2024
,05/12/2024
0.15,06/12/2024
0.107,11/12/2024
,12/12/2024
0.171,21/12/2024
0.133,26/12/2024
,28/12/2024
0.111,31/12/2024
,13/01/2025
0.095,15/01/2025
0.103,20/01/2025
,21/01/2025
0.092,25/01/2025
0.096,30/01/2025
0.105,04/02/2025
,06/02/2025
,07/02/2025
0.099,09/02/2025
,15/02/2025
,22/02/2025
0.151,24/02/2025
0.066,01/03/2025
,02/03/2025
,03/03/2025
0.067,06/03/2025
,10/03/2025
,11/03/2025
0.071,11/03/2025
0.069,16/03/2025
,18/03/2025
0.07,18/03/2025
,26/03/2025
0.091,31/03/2025
,03/04/2025
0.068,05/04/2025
0.072,07/04/2025
0.072,10/04/2025
,11/04/2025
,12/04/2025
0.057,15/04/2025
,19/04/2025
,20/04/2025
0.057,20/04/2025
,27/04/2025
0.056,27/04/2025
,28/04/2025
0.051,30/04/2025
,05/05/2025
0.07,05/05/2025
,06/05/2025
,13/05/2025
0.07,15/05/2025
0.062,17/05/2025
0.065,20/05/2025
,21/05/2025
,22/05/2025
,06/06/2025
0.133,06/06/2025
0.613,04/07/2025
,08/07/2025
,16/07/2025
0.293,16/07/2025
0.24,19/07/2025
,24/07/2025
0.195,24/07/2025
0.22,29/07/2025
,01/08/2025
0.228,03/08/2025
0.255,05/08/2025
0.312,08/08/2025
,09/08/2025
0.359,13/08/2025
,17/08/2025
,25/08/2025
0.633,25/08/2025
0.668,28/08/2025
0.706,02/09/2025
,18/09/2025
,19/09/2025
0.805,22/09/2025
,13/10/2025
0.767,14/10/2025
0.774,17/10/2025
0.7,27/10/2025
,28/10/2025
0.583,01/11/2025
0.604,03/11/2025
,06/11/2025
0.536,06/11/2025
0.539,11/11/2025
,13/11/2025
0.22,16/11/2025
,21/11/2025
0.205,21/11/2025
,22/11/2025
0.204,23/11/2025
0.215,26/11/2025
,29/11/2025
0.199,01/12/2025
0.176,11/12/2025
0.095,16/12/2025
0.143,21/12/2025
,23/12/2025
,24/12/2025
0.137,26/12/2025
,31/12/2025
0.111,31/12/2025
0.09,01/01/2022
,05/01/2022
0.087,06/01/2022
,13/01/2022
0.086,16/01/2022
0.082,26/01/2022
,29/01/2022
0.081,31/01/2022
0.082,05/02/2022
0.078,10/02/2022
,14/02/2022
0.088,15/02/2022
0.076,20/02/2022
,22/02/2022
0.062,25/02/2022
,02/03/2022
0.068,02/03/2022
0.08,07/03/2022
,10/03/2022
0.067,12/03/2022
0.077,17/03/2022
,26/03/2022
0.048,27/03/2022
0.048,01/04/2022
,03/04/2022
,04/04/2022
0.047,06/04/2022
0.042,16/04/2022
,19/04/2022
,20/04/2022
0.066,21/04/2022
,28/04/2022
,05/05/2022
0.053,06/05/2022
,13/05/2022
,14/05/2022
0.042,16/05/2022
,21/05/2022
0.08,31/05/2022
0.068,05/06/2022
,06/06/2022
,07/06/2022
0.063,10/06/2022
0.096,25/06/2022
,30/06/2022
0.076,30/06/2022
,08/07/2022
0.107,10/07/2022
0.163,20/07/2022
0.216,30/07/2022
,02/08/2022
,17/08/2022
0.253,24/08/2022
,25/08/2022
,26/08/2022
,11/09/2022
0.368,03/10/2022
0.354,13/10/2022
,23/10/2022
0.33,23/10/2022
,28/10/2022
0.258,02/11/2022
,09/11/2022
0.186,12/11/2022
,21/11/2022
0.147,22/11/2022
,26/11/2022
0.144,27/11/2022
0.122,02/12/2022
0.096,07/12/2022
,13/12/2022
,15/12/2022
0.077,17/12/2022
0.086,22/12/2022
0.082,27/12/2022
0.071,01/01/2023
0.071,06/01/2023
,08/01/2023
0.069,11/01/2023
,16/01/2023
0.07,16/01/2023
,24/01/2023
0.067,31/01/2023
,01/02/2023
,02/02/2023
0.068,05/02/2023
,07/02/2023
,09/02/2023
0.067,15/02/2023
,18/02/2023
0.064,20/02/2023
,24/02/2023
,25/02/2023
0.065,25/02/2023
0.066,02/03/2023
,05/03/2023
0.065,07/03/2023
0.061,12/03/2023
,13/03/2023
,14/03/2023
0.069,17/03/2023
,21/03/2023
0.065,22/03/2023
0.065,27/03/2023
0.058,01/04/2023
,04/04/2023
,14/04/2023
0.04,16/04/2023
0.042,21/04/2023
,22/04/2023
,26/04/2023
,30/04/2023
0.055,01/05/2023
,08/05/2023
,09/05/2023
,18/05/2023
,01/06/2023
,02/06/2023
,09/06/2023
0.12,10/06/2023
0.135,15/06/2023
,17/06/2023
0.15,20/06/2023
,11/07/2023
0.2,15/07/2023
,19/07/2023
0.203,20/07/2023
0.21,25/07/2023
0.203,09/08/2023
,28/08/2023
0.204,29/08/2023
0.203,03/09/2023
,05/09/2023
,06/09/2023
0.194,08/09/2023
0.192,13/09/2023
,15/09/2023
,21/09/2023
0.138,23/09/2023
,29/09/2023
0.118,03/10/2023
,12/10/2023
0.132,18/10/2023
0.132,23/10/2023
,24/10/2023
,31/10/2023
,08/11/2023
,16/11/2023
0.096,17/11/2023
,25/11/2023
0.075,12/12/2023
0.079,17/12/2023
0.073,22/12/2023
0.072,01/01/2024
0.068,06/01/2024
,16/01/2024
0.069,16/01/2024
0.07,26/01/2024
,27/01/2024
,28/01/2024
0.092,31/01/2024
,04/02/2024
,05/02/2024
0.07,05/02/2024
0.071,10/02/2024
,12/02/2024
0.068,15/02/2024
,20/02/2024
0.069,20/02/2024
0.063,25/02/2024
,28/02/2024
,29/02/2024
0.067,01/03/2024
0.056,06/03/2024
,07/03/2024
,08/03/2024
0.062,11/03/2024
,15/03/2024
,16/03/2024
0.06,16/03/2024
0.059,21/03/2024
,23/03/2024
0.056,26/03/2024
,31/03/2024
0.062,31/03/2024
,01/04/2024
0.049,05/04/2024
,08/04/2024
0.049,10/04/2024
,17/04/2024
0.074,20/04/2024
,24/04/2024
,25/04/2024
0.03,25/04/2024
0.063,30/04/2024
0.049,05/05/2024
,11/05/2024
,18/05/2024
0.041,20/05/2024
0.038,25/05/2024
,26/05/2024
,27/05/2024
0.039,30/05/2024
,03/06/2024
,04/06/2024
0.039,04/06/2024
,11/06/2024
0.133,29/06/2024
0.182,04/07/2024
,05/07/2024
,13/07/2024
,29/07/2024
0.564,29/07/2024
0.629,03/08/2024
0.746,13/08/2024
,14/08/2024
0.819,02/09/2024
0.553,22/09/2024
,09/10/2024
0.627,12/10/2024
0.629,17/10/2024
0.58,22/10/2024
0.288,01/11/2024
,02/11/2024
0.176,06/11/2024
,10/11/2024
0.405,11/11/2024
0.373,16/11/2024
,18/11/2024
0.425,21/11/2024
0.261,26/11/2024
0.256,01/12/2024
,04/12/2024
,05/12/2024
0.293,06/12/2024
0.239,11/12/2024
,12/12/2024
0.247,16/12/2024
0.27,26/12/2024
0.246,31/12/2024
,13/01/2025
0.3,15/01/2025
0.274,20/01/2025
,21/01/2025
0.198,25/01/2025
0.279,30/01/2025
0.283,04/02/2025
,06/02/2025
,07/02/2025
0.29,09/02/2025
,22/02/2025
0.089,24/02/2025
0.078,01/03/2025
,02/03/2025
,03/03/2025
0.076,06/03/2025
,10/03/2025
,11/03/2025
0.074,11/03/2025
0.071,16/03/2025
,18/03/2025
0.075,18/03/2025
0.091,21/03/2025
0.074,31/03/2025
,03/04/2025
0.064,05/04/2025
0.065,07/04/2025
0.065,10/04/2025
,11/04/2025
,12/04/2025
0.059,15/04/2025
,19/04/2025
,20/04/2025
0.063,20/04/2025
,27/04/2025
0.059,27/04/2025
,28/04/2025
,05/05/2025
0.067,05/05/2025
,06/05/2025
0.045,15/05/2025
0.059,17/05/2025
,21/05/2025
,22/05/2025
,06/06/2025
0.126,06/06/2025
0.135,09/06/2025
,14/06/2025
0.278,04/07/2025
,08/07/2025
0.453,14/07/2025
,16/07/2025
0.441,16/07/2025
0.529,19/07/2025
,24/07/2025
0.536,24/07/2025
0.604,29/07/2025
,01/08/2025
0.574,03/08/2025
0.6,05/08/2025
,09/08/2025
0.633,13/08/2025
,17/08/2025
0.657,25/08/2025
0.689,28/08/2025
,02/09/2025
,18/09/2025
0.634,22/09/2025
,13/10/2025
0.54,14/10/2025
0.546,17/10/2025
0.472,27/10/2025
,28/10/2025
0.449,01/11/2025
0.446,03/11/2025
,06/11/2025
0.402,06/11/2025
0.458,11/11/2025
,13/11/2025
0.316,16/11/2025
,21/11/2025
0.308,21/11/2025
,22/11/2025
0.282,23/11/2025
0.269,26/11/2025
0.224,01/12/2025
0.219,11/12/2025
0.273,16/12/2025
,23/12/2025
,24/12/2025
,31/12/2025
0.187,31/12/2025
0.219,01/01/2022
,05/01/2022
0.204,06/01/2022
0.279,11/01/2022
,13/01/2022
0.123,16/01/2022
0.149,21/01/2022
0.119,26/01/2022
,29/01/2022
0.123,31/01/2022
,06/02/2022
0.128,10/02/2022
0.095,20/02/2022
,22/02/2022
0.115,25/02/2022
,02/03/2022
0.113,02/03/2022
0.08,07/03/2022
,10/03/2022
0.113,12/03/2022
0.107,17/03/2022
,26/03/2022
0.094,27/03/2022
0.098,01/04/2022
0.093,06/04/2022
0.097,16/04/2022
,19/04/2022
0.116,01/05/2022
,05/05/2022
,06/05/2022
0.112,06/05/2022
,13/05/2022
0.105,16/05/2022
,21/05/2022
,23/05/2022
0.116,26/05/2022
0.106,05/06/2022
,06/06/2022
0.131,10/06/2022
,26/06/2022
,30/06/2022
0.158,30/06/2022
,08/07/2022
0.266,10/07/2022
,16/07/2022
0.388,20/07/2022
0.372,25/07/2022
,30/07/2022
0.442,30/07/2022
,09/08/2022
0.482,09/08/2022
0.551,24/08/2022
,10/09/2022
0.555,13/09/2022
0.527,03/10/2022
0.433,13/10/2022
,23/10/2022
0.387,23/10/2022
0.316,02/11/2022
0.224,12/11/2022
0.222,17/11/2022
,21/11/2022
0.174,22/11/2022
,26/11/2022
,29/11/2022
0.145,02/12/2022
0.124,07/12/2022
,13/12/2022
,15/12/2022
0.128,17/12/2022
0.133,22/12/2022
0.118,27/12/2022
0.081,01/01/2023
0.111,06/01/2023
,08/01/2023
0.1,11/01/2023
,16/01/2023
0.11,16/01/2023
0.104,21/01/2023
,24/01/2023
0.112,26/01/2023
0.097,31/01/2023
,01/02/2023
0.104,05/02/2023
,07/02/2023
,09/02/2023
0.102,15/02/2023
,17/02/2023
0.094,20/02/2023
,24/02/2023
,25/02/2023
0.099,25/02/2023
0.094,02/03/2023
0.104,07/03/2023
0.093,12/03/2023
,13/03/2023
0.101,17/03/2023
,21/03/2023
0.089,22/03/2023
0.098,27/03/2023
0.09,01/04/2023
,04/04/2023
,06/04/2023
0.098,06/04/2023
0.075,16/04/2023
0.093,21/04/2023
,26/04/2023
,30/04/2023
0.1,01/05/2023
,08/05/2023
0.101,11/05/2023
,18/05/2023
0.117,21/05/2023
0.124,31/05/2023
,01/06/2023
,09/06/2023
0.12,10/06/2023
0.121,15/06/2023
,17/06/2023
0.116,20/06/2023
0.156,10/07/2023
,11/07/2023
0.174,15/07/2023
,19/07/2023
0.183,20/07/2023
,28/07/2023
0.287,09/08/2023
,12/08/2023
0.374,29/08/2023
0.314,03/09/2023
,05/09/2023
0.346,08/09/2023
,13/09/2023
0.329,13/09/2023
,15/09/2023
0.31,18/09/2023
,21/09/2023
0.257,23/09/2023
,29/09/2023
0.178,03/10/2023
,12/10/2023
0.158,13/10/2023
0.118,18/10/2023
0.156,23/10/2023
,31/10/2023
0.142,02/11/2023
0.111,07/11/2023
,08/11/2023
0.115,12/11/2023
,16/11/2023
0.094,17/11/2023
,24/11/2023
0.126,07/12/2023
0.126,12/12/2023
0.149,17/12/2023
0.159,22/12/2023
0.183,01/01/2024
,03/01/2024
0.198,06/01/2024
0.098,16/01/2024
0.101,26/01/2024
,27/01/2024
,04/02/2024
0.1,05/02/2024
0.105,10/02/2024
0.1,15/02/2024
,20/02/2024
0.103,20/02/2024
0.102,25/02/2024
,28/02/2024
0.111,01/03/2024
0.095,06/03/2024
,07/03/2024
0.098,11/03/2024
,15/03/2024
0.094,16/03/2024
0.094,21/03/2024
,23/03/2024
0.092,26/03/2024
,31/03/2024
0.098,31/03/2024
0.087,05/04/2024
,08/04/2024
0.093,10/04/2024
0.092,15/04/2024
,16/04/2024
0.11,20/04/2024
,24/04/2024
0.094,05/05/2024
0.105,20/05/2024
0.101,25/05/2024
,26/05/2024
0.106,30/05/2024
,03/06/2024
0.101,04/06/2024
0.108,09/06/2024
,11/06/2024
0.101,14/06/2024
0.174,04/07/2024
,05/07/2024
0.328,14/07/2024
,29/07/2024
0.687,29/07/2024
0.768,03/08/2024
,06/08/2024
,14/08/2024
0.853,23/08/2024
0.684,02/09/2024
0.573,22/09/2024
,09/10/2024
0.448,12/10/2024
0.391,22/10/2024
,25/10/2024
0.292,01/11/2024
0.239,06/11/2024
,10/11/2024
0.276,11/11/2024
0.265,16/11/2024
,18/11/2024
0.279,21/11/2024
,26/11/2024
0.193,26/11/2024
0.184,01/12/2024
,04/12/2024
0.193,06/12/2024
0.212,11/12/2024
,12/12/2024
0.217,16/12/2024
0.183,26/12/2024
,28/12/2024
0.127,31/12/2024
0.115,10/01/2025
,13/01/2025
0.134,15/01/2025
0.15,20/01/2025
,21/01/2025
0.149,25/01/2025
0.141,30/01/2025
,06/02/2025
0.165,09/02/2025
,14/02/2025
0.235,24/02/2025
0.184,01/03/2025
,02/03/2025
0.111,06/03/2025
,10/03/2025
0.104,11/03/2025
0.105,16/03/2025
,18/03/2025
0.108,18/03/2025
0.083,21/03/2025
0.113,26/03/2025
0.107,31/03/2025
,03/04/2025
0.1,05/04/2025
0.108,07/04/2025
0.102,10/04/2025
,11/04/2025
0.1,15/04/2025
,19/04/2025
0.111,20/04/2025
0.092,25/04/2025
,27/04/2025
0.106,27/04/2025
0.103,15/05/2025
0.115,20/05/2025
,21/05/2025
0.148,04/06/2025
,06/06/2025
0.12,06/06/2025
0.131,09/06/2025
0.344,04/07/2025
0.561,14/07/2025
0.584,16/07/2025
0.762,29/07/2025
0.774,03/08/2025
0.381,05/08/2025
0.816,08/08/2025
0.809,13/08/2025
,17/08/2025
0.826,23/08/2025
,25/08/2025
0.817,25/08/2025
0.867,28/08/2025
0.598,14/09/2025
0.799,17/09/2025
0.654,22/09/2025
0.617,27/09/2025
,04/10/2025
0.446,12/10/2025
0.382,14/10/2025
0.363,17/10/2025
0.297,27/10/2025
,28/10/2025
0.22,03/11/2025
,05/11/2025
0.182,06/11/2025
0.29,11/11/2025
,13/11/2025
0.164,16/11/2025
,21/11/2025
0.179,21/11/2025
0.182,23/11/2025
0.19,26/11/2025
,29/11/2025
0.171,01/12/2025
0.188,11/12/2025
0.202,16/12/2025
,31/12/2025
0.176,31/12/2025
0.079,01/01/2022
,05/01/2022
0.073,06/01/2022
,13/01/2022
0.063,16/01/2022
0.063,26/01/2022
,29/01/2022
0.067,31/01/2022
0.065,05/02/2022
,06/02/2022
0.073,10/02/2022
,14/02/2022
0.068,20/02/2022
,22/02/2022
0.057,25/02/2022
,02/03/2022
0.066,02/03/2022
0.061,07/03/2022
,10/03/2022
0.067,12/03/2022
0.075,17/03/2022
,26/03/2022
0.069,27/03/2022
0.069,01/04/2022
,03/04/2022
0.063,06/04/2022
0.087,11/04/2022
0.073,16/04/2022
,19/04/2022
,27/04/2022
,05/05/2022
0.074,06/05/2022
,13/05/2022
0.069,16/05/2022
,21/05/2022
0.072,21/05/2022
,23/05/2022
0.076,26/05/2022
0.07,05/06/2022
,06/06/2022
0.074,10/06/2022
0.207,25/06/2022
,26/06/2022
,30/06/2022
0.317,30/06/2022
,08/07/2022
0.524,10/07/2022
,16/07/2022
,24/07/2022
0.64,30/07/2022
0.777,09/08/2022
,10/09/2022
0.492,18/09/2022
0.342,03/10/2022
0.234,13/10/2022
,20/10/2022
,23/10/2022
0.173,23/10/2022
0.103,02/11/2022
,09/11/2022
,13/11/2022
0.11,17/11/2022
,21/11/2022
0.087,22/11/2022
,26/11/2022
0.129,27/11/2022
,29/11/2022
0.074,02/12/2022
,07/12/2022
0.064,07/12/2022
,13/12/2022
,15/12/2022
0.062,17/12/2022
0.058,22/12/2022
0.068,27/12/2022
0.059,01/01/2023
0.065,06/01/2023
,08/01/2023
0.056,11/01/2023
,16/01/2023
0.061,16/01/2023
0.059,21/01/2023
,24/01/2023
0.058,26/01/2023
0.053,31/01/2023
,01/02/2023
0.058,05/02/2023
,07/02/2023
,09/02/2023
,10/02/2023
0.059,15/02/2023
,17/02/2023
0.052,20/02/2023
,24/02/2023
,25/02/2023
0.058,25/02/2023
0.052,02/03/2023
,05/03/2023
0.054,07/03/2023
0.05,12/03/2023
0.072,17/03/2023
,21/03/2023
0.056,22/03/2023
0.078,27/03/2023
0.065,01/04/2023
,04/04/2023
,14/04/2023
0.077,16/04/2023
0.067,21/04/2023
,30/04/2023
0.069,01/05/2023
,08/05/2023
,18/05/2023
0.096,21/05/2023
0.118,26/05/2023
0.137,31/05/2023
,01/06/2023
0.093,05/06/2023
0.098,10/06/2023
0.114,15/06/2023
,17/06/2023
0.124,20/06/2023
,11/07/2023
,19/07/2023
0.489,20/07/2023
0.453,25/07/2023
0.558,09/08/2023
,12/08/2023
,24/08/2023
0.396,29/08/2023
0.344,03/09/2023
,05/09/2023
,13/09/2023
0.273,13/09/2023
,21/09/2023
0.182,23/09/2023
0.159,28/09/2023
,29/09/2023
0.171,03/10/2023
,12/10/2023
0.139,13/10/2023
0.094,18/10/2023
0.08,23/10/2023
,31/10/2023
0.052,07/11/2023
,08/11/2023
,16/11/2023
0.048,17/11/2023
,24/11/2023
0.063,07/12/2023
0.067,12/12/2023
0.062,17/12/2023
,18/12/2023
0.053,22/12/2023
0.054,01/01/2024
0.05,06/01/2024
0.052,16/01/2024
0.055,26/01/2024
,27/01/2024
0.066,31/01/2024
,04/02/2024
0.054,05/02/2024
0.058,10/02/2024
,12/02/2024
0.055,15/02/2024
,20/02/2024
0.059,20/02/2024
0.055,25/02/2024
,28/02/2024
0.059,01/03/2024
0.053,06/03/2024
,07/03/2024
0.058,11/03/2024
,15/03/2024
,16/03/2024
0.054,16/03/2024
0.06,21/03/2024
,23/03/2024
0.059,26/03/2024
,31/03/2024
0.056,31/03/2024
,01/04/2024
0.052,05/04/2024
,08/04/2024
0.056,10/04/2024
0.056,20/04/2024
,24/04/2024
0.054,25/04/2024
0.056,30/04/2024
0.06,05/05/2024
0.073,10/05/2024
0.055,15/05/2024
,18/05/2024
0.07,20/05/2024
0.069,25/05/2024
,26/05/2024
0.076,30/05/2024
,03/06/2024
0.061,04/06/2024
,11/06/2024
0.071,14/06/2024
0.108,24/06/2024
0.153,29/06/2024
0.212,04/07/2024
,05/07/2024
0.231,09/07/2024
,13/07/2024
,21/07/2024
,29/07/2024
0.522,29/07/2024
0.545,03/08/2024
0.638,13/08/2024
,14/08/2024
0.638,18/08/2024
,30/08/2024
0.594,02/09/2024
0.66,17/09/2024
0.628,22/09/2024
,09/10/2024
0.457,12/10/2024
0.3,17/10/2024
0.382,22/10/2024
0.28,01/11/2024
,02/11/2024
0.272,06/11/2024
,10/11/2024
0.199,11/11/2024
0.175,16/11/2024
,18/11/2024
,26/11/2024
0.113,26/11/2024
,27/11/2024
0.104,01/12/2024
,04/12/2024
0.108,06/12/2024
0.11,11/12/2024
,12/12/2024
0.102,26/12/2024
,28/12/2024
0.075,31/12/2024
,13/01/2025
0.087,15/01/2025
0.083,20/01/2025
,21/01/2025
0.076,25/01/2025
,29/01/2025
0.072,30/01/2025
0.086,04/02/2025
,06/02/2025
0.079,09/02/2025
,14/02/2025
0.06,14/02/2025
,22/02/2025
0.084,24/02/2025
0.073,01/03/2025
,02/03/2025
0.072,06/03/2025
,10/03/2025
0.072,11/03/2025
0.071,16/03/2025
,18/03/2025
0.077,18/03/2025
,03/04/2025
0.063,05/04/2025
0.066,07/04/2025
0.061,10/04/2025
,11/04/2025
0.057,15/04/2025
,19/04/2025
0.055,20/04/2025
0.054,25/04/2025
,27/04/2025
0.061,27/04/2025
,05/05/2025
0.07,05/05/2025
0.066,15/05/2025
0.063,17/05/2025
0.077,20/05/2025
,21/05/2025
,06/06/2025
0.163,06/06/2025
0.19,09/06/2025
0.313,04/07/2025
,08/07/2025
0.456,14/07/2025
0.409,16/07/2025
,24/07/2025
0.367,24/07/2025
0.415,29/07/2025
,01/08/2025
0.417,03/08/2025
0.437,05/08/2025
,09/08/2025
0.454,13/08/2025
,17/08/2025
0.439,23/08/2025
,25/08/2025
0.542,25/08/2025
0.524,28/08/2025
0.564,02/09/2025
,18/09/2025
0.542,22/09/2025
0.446,27/09/2025
0.326,12/10/2025
0.46,14/10/2025
0.46,17/10/2025
0.386,27/10/2025
,28/10/2025
0.322,01/11/2025
0.327,03/11/2025
0.285,06/11/2025
0.221,11/11/2025
,13/11/2025
0.165,16/11/2025
,21/11/2025
0.16,21/11/2025
0.148,23/11/2025
0.147,26/11/2025
,29/11/2025
0.126,01/12/2025
,07/12/2025
0.141,11/12/2025
0.112,16/12/2025
0.111,21/12/2025
0.095,26/12/2025
,31/12/2025
0.081,31/12/2025
0.205,01/01/2022
,05/01/2022
0.196,06/01/2022
,13/01/2022
0.195,16/01/2022
0.159,21/01/2022
0.178,26/01/2022
,29/01/2022
0.187,31/01/2022
0.178,05/02/2022
,06/02/2022
0.187,10/02/2022
,14/02/2022
0.17,20/02/2022
,22/02/2022
0.17,25/02/2022
,02/03/2022
0.158,02/03/2022
0.159,07/03/2022
,10/03/2022
0.16,12/03/2022
0.18,17/03/2022
,26/03/2022
0.151,27/03/2022
0.157,01/04/2022
,03/04/2022
0.15,06/04/2022
,11/04/2022
0.166,16/04/2022
,19/04/2022
0.172,21/04/2022
0.181,01/05/2022
,05/05/2022
0.167,06/05/2022
,13/05/2022
0.161,16/05/2022
,23/05/2022
0.167,26/05/2022
0.167,05/06/2022
,06/06/2022
0.171,10/06/2022
0.2,25/06/2022
,26/06/2022
,30/06/2022
0.212,30/06/2022
,08/07/2022
0.215,10/07/2022
0.233,30/07/2022
0.269,09/08/2022
0.16,24/08/2022
,10/09/2022
0.306,03/10/2022
,12/10/2022
0.331,13/10/2022
,23/10/2022
0.285,23/10/2022
0.16,28/10/2022
0.218,02/11/2022
,09/11/2022
,13/11/2022
0.172,17/11/2022
0.127,22/11/2022
0.179,27/11/2022
0.177,02/12/2022
0.168,07/12/2022
,15/12/2022
0.167,17/12/2022
0.112,22/12/2022
0.173,27/12/2022
0.166,01/01/2023
0.168,06/01/2023
,08/01/2023
0.17,11/01/2023
,16/01/2023
0.159,16/01/2023
0.164,21/01/2023
,24/01/2023
0.132,26/01/2023
0.147,31/01/2023
,01/02/2023
0.151,05/02/2023
,07/02/2023
,09/02/2023
0.148,15/02/2023
,17/02/2023
0.141,20/02/2023
,24/02/2023
,25/02/2023
0.142,25/02/2023
0.136,02/03/2023
0.133,07/03/2023
0.131,12/03/2023
0.156,17/03/2023
,21/03/2023
0.14,22/03/2023
0.153,27/03/2023
0.139,01/04/2023
0.145,06/04/2023
,14/04/2023
0.102,16/04/2023
0.137,21/04/2023
,30/04/2023
0.131,01/05/2023
,08/05/2023
0.144,11/05/2023
,18/05/2023
0.224,05/06/2023
0.208,10/06/2023
0.196,15/06/2023
,17/06/2023
0.185,20/06/2023
0.171,05/07/2023
,11/07/2023
0.324,15/07/2023
,19/07/2023
0.269,20/07/2023
,28/07/2023
0.261,09/08/2023
,28/08/2023
0.296,29/08/2023
0.231,08/09/2023
,13/09/2023
0.244,13/09/2023
,15/09/2023
,21/09/2023
0.207,23/09/2023
0.157,03/10/2023
0.121,13/10/2023
0.2,18/10/2023
,23/10/2023
0.211,23/10/2023
,31/10/2023
0.218,07/11/2023
,08/11/2023
,16/11/2023
0.198,17/11/2023
,24/11/2023
0.252,12/12/2023
0.243,17/12/2023
0.197,22/12/2023
0.187,01/01/2024
,03/01/2024
0.177,06/01/2024
0.17,16/01/2024
0.166,26/01/2024
,27/01/2024
,04/02/2024
0.159,05/02/2024
0.158,10/02/2024
,12/02/2024
0.158,15/02/2024
,20/02/2024
0.158,20/02/2024
0.153,25/02/2024
,28/02/2024
0.151,01/03/2024
0.146,06/03/2024
,07/03/2024
0.15,11/03/2024
,15/03/2024
0.142,16/03/2024
0.145,21/03/2024
,23/03/2024
0.138,26/03/2024
,31/03/2024
0.137,31/03/2024
0.138,05/04/2024
,08/04/2024
0.138,10/04/2024
,24/04/2024
0.142,25/04/2024
0.142,30/04/2024
0.156,10/05/2024
0.131,15/05/2024
,18/05/2024
0.137,20/05/2024
0.134,25/05/2024
,26/05/2024
0.138,30/05/2024
,03/06/2024
0.13,04/06/2024
,11/06/2024
0.105,14/06/2024
0.221,29/06/2024
0.308,04/07/2024
,05/07/2024
,13/07/2024
0.493,14/07/2024
,29/07/2024
0.593,29/07/2024
0.577,03/08/2024
,14/08/2024
0.442,18/08/2024
0.555,23/08/2024
0.287,22/09/2024
,09/10/2024
0.424,12/10/2024
0.414,22/10/2024
,25/10/2024
0.267,01/11/2024
,02/11/2024
0.356,06/11/2024
,10/11/2024
0.33,11/11/2024
0.325,16/11/2024
,18/11/2024
0.261,26/11/2024
0.249,01/12/2024
,04/12/2024
0.251,06/12/2024
0.236,11/12/2024
,12/12/2024
0.188,16/12/2024
0.241,21/12/2024
0.258,26/12/2024
0.213,31/12/2024
,13/01/2025
0.234,15/01/2025
,21/01/2025
0.209,25/01/2025
0.2,30/01/2025
0.186,04/02/2025
,06/02/2025
0.18,09/02/2025
,14/02/2025
0.182,14/02/2025
,22/02/2025
0.168,24/02/2025
0.173,01/03/2025
,02/03/2025
0.164,06/03/2025
,10/03/2025
0.168,11/03/2025
0.164,16/03/2025
,18/03/2025
0.171,18/03/2025
0.173,21/03/2025
0.153,31/03/2025
,03/04/2025
0.148,05/04/2025
0.158,07/04/2025
0.152,10/04/2025
,11/04/2025
0.148,15/04/2025
,19/04/2025
0.153,20/04/2025
,27/04/2025
0.148,27/04/2025
0.158,30/04/2025
,05/05/2025
0.157,05/05/2025
,13/05/2025
0.145,15/05/2025
0.155,17/05/2025
0.178,20/05/2025
,21/05/2025
0.178,25/05/2025
0.22,04/06/2025
,06/06/2025
0.189,06/06/2025
0.181,09/06/2025
,14/06/2025
0.441,04/07/2025
,16/07/2025
0.295,19/07/2025
,24/07/2025
0.558,29/07/2025
,01/08/2025
0.517,03/08/2025
0.516,05/08/2025
0.514,08/08/2025
0.513,13/08/2025
0.508,23/08/2025
,25/08/2025
0.519,28/08/2025
,02/09/2025
0.523,02/09/2025
0.404,22/09/2025
0.428,27/09/2025
,04/10/2025
0.388,07/10/2025
,12/10/2025
0.333,12/10/2025
0.328,14/10/2025
0.323,17/10/2025
0.303,27/10/2025
,28/10/2025
0.281,03/11/2025
,05/11/2025
0.253,06/11/2025
0.292,11/11/2025
,13/11/2025
0.236,16/11/2025
,21/11/2025
0.232,21/11/2025
0.238,23/11/2025
0.237,26/11/2025
0.221,01/12/2025
0.262,16/12/2025
,23/12/2025
,31/12/2025
0.22,31/12/2025
0.076,01/01/2022
,05/01/2022
0.069,06/01/2022
0.066,16/01/2022
0.067,26/01/2022
,29/01/2022
0.073,31/01/2022
0.069,05/02/2022
,06/02/2022
0.079,10/02/2022
,14/02/2022
0.075,15/02/2022
0.078,20/02/2022
,22/02/2022
0.068,02/03/2022
,02/03/2022
0.064,07/03/2022
,10/03/2022
0.067,12/03/2022
0.086,17/03/2022
,26/03/2022
0.067,27/03/2022
0.07,01/04/2022
,03/04/2022
0.065,06/04/2022
0.104,11/04/2022
0.075,16/04/2022
,19/04/2022
,20/04/2022
,27/04/2022
,05/05/2022
0.073,06/05/2022
,13/05/2022
0.078,16/05/2022
0.087,21/05/2022
,21/05/2022
,23/05/2022
0.101,26/05/2022
0.119,31/05/2022
0.102,05/06/2022
,06/06/2022
,09/06/2022
0.116,10/06/2022
0.224,25/06/2022
,26/06/2022
0.228,30/06/2022
,30/06/2022
,08/07/2022
0.323,10/07/2022
,16/07/2022
,24/07/2022
0.519,30/07/2022
,17/08/2022
,10/09/2022
0.463,03/10/2022
,12/10/2022
0.307,13/10/2022
,20/10/2022
0.226,23/10/2022
0.182,02/11/2022
,13/11/2022
0.093,17/11/2022
,21/11/2022
0.097,22/11/2022
,26/11/2022
0.1,27/11/2022
,29/11/2022
0.083,02/12/2022
0.074,07/12/2022
,07/12/2022
,13/12/2022
,15/12/2022
0.065,17/12/2022
0.057,22/12/2022
0.062,27/12/2022
0.054,01/01/2023
0.056,06/01/2023
,08/01/2023
0.051,11/01/2023
0.066,16/01/2023
,16/01/2023
0.065,21/01/2023
,24/01/2023
0.065,26/01/2023
0.06,31/01/2023
,01/02/2023
,02/02/2023
0.062,05/02/2023
,07/02/2023
,09/02/2023
,10/02/2023
0.064,15/02/2023
,17/02/2023
0.057,20/02/2023
,24/02/2023
0.062,25/02/2023
,25/02/2023
0.057,02/03/2023
,05/03/2023
0.059,07/03/2023
0.055,12/03/2023
,13/03/2023
0.076,17/03/2023
,21/03/2023
0.059,22/03/2023
0.078,27/03/2023
0.053,01/04/2023
,04/04/2023
0.052,06/04/2023
,14/04/2023
0.073,16/04/2023
0.072,21/04/2023
,30/04/2023
0.072,01/05/2023
,08/05/2023
0.114,16/05/2023
,18/05/2023
0.108,21/05/2023
0.142,26/05/2023
0.129,31/05/2023
,01/06/2023
0.167,05/06/2023
0.106,10/06/2023
0.123,15/06/2023
,17/06/2023
0.141,20/06/2023
,03/07/2023
,11/07/2023
0.39,15/07/2023
,19/07/2023
0.466,20/07/2023
0.486,25/07/2023
0.518,09/08/2023
,12/08/2023
,28/08/2023
0.463,29/08/2023
0.403,03/09/2023
,05/09/2023
0.364,08/09/2023
0.304,13/09/2023
,13/09/2023
,15/09/2023
,21/09/2023
0.214,23/09/2023
0.194,28/09/2023
,29/09/2023
0.198,03/10/2023
,12/10/2023
0.155,13/10/2023
0.096,18/10/2023
0.095,23/10/2023
,31/10/2023
0.068,07/11/2023
,08/11/2023
,16/11/2023
0.055,17/11/2023
,24/11/2023
0.064,12/12/2023
0.063,17/12/2023
,18/12/2023
0.059,22/12/2023
0.056,01/01/2024
0.057,06/01/2024
0.057,16/01/2024
0.06,26/01/2024
,27/01/2024
0.077,31/01/2024
,04/02/2024
0.06,05/02/2024
0.064,10/02/2024
,12/02/2024
0.061,15/02/2024
0.067,20/02/2024
,20/02/2024
,21/02/2024
0.059,25/02/2024
,28/02/2024
0.06,01/03/2024
0.058,06/03/2024
,07/03/2024
0.06,11/03/2024
,15/03/2024
0.058,16/03/2024
,16/03/2024
0.062,21/03/2024
,23/03/2024
0.064,26/03/2024
0.059,31/03/2024
,31/03/2024
,01/04/2024
0.052,05/04/2024
,08/04/2024
0.054,10/04/2024
0.058,20/04/2024
,24/04/2024
0.06,25/04/2024
0.057,30/04/2024
0.061,05/05/2024
0.063,15/05/2024
,18/05/2024
0.075,20/05/2024
0.075,25/05/2024
,26/05/2024
0.079,30/05/2024
,03/06/2024
0.076,04/06/2024
0.077,09/06/2024
,11/06/2024
0.089,14/06/2024
0.164,24/06/2024
0.204,29/06/2024
0.241,04/07/2024
,05/07/2024
,06/07/2024
,13/07/2024
,21/07/2024
0.57,29/07/2024
,29/07/2024
0.517,03/08/2024
,06/08/2024
0.441,13/08/2024
,14/08/2024
0.489,18/08/2024
0.519,23/08/2024
,30/08/2024
0.591,02/09/2024
0.665,17/09/2024
0.723,22/09/2024
,23/09/2024
,09/10/2024
0.573,12/10/2024
0.529,22/10/2024
0.438,01/11/2024
,02/11/2024
0.4,06/11/2024
,10/11/2024
0.349,11/11/2024
0.302,16/11/2024
,18/11/2024
0.242,21/11/2024
0.173,26/11/2024
,26/11/2024
,27/11/2024
0.139,01/12/2024
,04/12/2024
0.127,06/12/2024
,12/12/2024
0.096,26/12/2024
,28/12/2024
0.077,31/12/2024
0.081,10/01/2025
,13/01/2025
0.077,15/01/2025
,21/01/2025
0.065,25/01/2025
,29/01/2025
0.063,30/01/2025
0.07,04/02/2025
,06/02/2025
0.064,09/02/2025
,14/02/2025
,22/02/2025
0.078,24/02/2025
0.068,01/03/2025
0.069,06/03/2025
,10/03/2025
0.076,11/03/2025
0.069,16/03/2025
0.073,18/03/2025
,18/03/2025
0.07,21/03/2025
,26/03/2025
0.079,31/03/2025
,03/04/2025
0.061,05/04/2025
0.062,07/04/2025
0.06,10/04/2025
,11/04/2025
0.053,15/04/2025
,19/04/2025
0.054,20/04/2025
0.047,25/04/2025
0.054,27/04/2025
,27/04/2025
0.075,30/04/2025
0.076,05/05/2025
,05/05/2025
0.058,15/05/2025
0.056,17/05/2025
0.084,20/05/2025
,21/05/2025
0.19,06/06/2025
,06/06/2025
0.268,09/06/2025
0.633,04/07/2025
,08/07/2025
0.606,14/07/2025
0.524,16/07/2025
0.546,19/07/2025
0.518,24/07/2025
,24/07/2025
0.532,29/07/2025
,01/08/2025
0.496,03/08/2025
0.506,05/08/2025
0.553,08/08/2025
,09/08/2025
0.526,13/08/2025
,17/08/2025
0.412,23/08/2025
0.602,25/08/2025
,25/08/2025
0.577,28/08/2025
0.295,02/09/2025
0.564,22/09/2025
0.59,07/10/2025
0.53,12/10/2025
0.497,14/10/2025
0.505,17/10/2025
0.325,27/10/2025
,28/10/2025
0.247,01/11/2025
0.255,03/11/2025
0.221,06/11/2025
0.201,11/11/2025
,13/11/2025
0.155,16/11/2025
0.161,21/11/2025
,21/11/2025
0.163,23/11/2025
0.166,26/11/2025
,29/11/2025
0.14,01/12/2025
,07/12/2025
0.141,11/12/2025
0.113,16/12/2025
0.103,21/12/2025
,23/12/2025
0.108,26/12/2025
0.098,31/12/2025
,31/12/2025
0.133,01/01/2022
,05/01/2022
,06/01/2022
0.126,06/01/2022
,14/01/2022
0.118,16/01/2022
0.17,21/01/2022
0.123,26/01/2022
0.127,31/01/2022
0.118,05/02/2022
0.111,10/02/2022
,23/02/2022
0.094,25/02/2022
,02/03/2022
0.082,02/03/2022
,03/03/2022
,10/03/2022
,11/03/2022
0.089,17/03/2022
,26/03/2022
0.077,27/03/2022
,27/03/2022
0.077,01/04/2022
,03/04/2022
,04/04/2022
0.075,06/04/2022
0.079,16/04/2022
,19/04/2022
,20/04/2022
0.105,21/04/2022
,27/04/2022
,05/05/2022
,13/05/2022
,14/05/2022
0.102,16/05/2022
0.105,21/05/2022
,21/05/2022
,23/05/2022
0.115,26/05/2022
0.102,05/06/2022
,06/06/2022
,07/06/2022
0.104,10/06/2022
0.097,25/06/2022
,26/06/2022
,30/06/2022
0.107,30/06/2022
0.135,05/07/2022
,08/07/2022
,09/07/2022
0.157,10/07/2022
,17/07/2022
0.222,20/07/2022
0.292,30/07/2022
,02/08/2022
0.315,09/08/2022
,09/08/2022
,18/08/2022
0.419,24/08/2022
,10/09/2022
,11/09/2022
0.428,03/10/2022
,04/10/2022
0.38,13/10/2022
,13/10/2022
,20/10/2022
0.297,23/10/2022
0.324,28/10/2022
0.288,02/11/2022
,06/11/2022
,09/11/2022
,13/11/2022
,21/11/2022
0.187,22/11/2022
,22/11/2022
0.115,27/11/2022
,30/11/2022
0.163,02/12/2022
0.134,07/12/2022
,08/12/2022
,15/12/2022
,16/12/2022
0.13,17/12/2022
0.119,22/12/2022
0.12,27/12/2022
0.1,01/01/2023
,01/01/2023
0.095,06/01/2023
,08/01/2023
,09/01/2023
0.086,11/01/2023
0.085,16/01/2023
,16/01/2023
,17/01/2023
0.089,21/01/2023
,24/01/2023
,25/01/2023
0.074,26/01/2023
0.078,31/01/2023
,01/02/2023
,02/02/2023
0.078,05/02/2023
,07/02/2023
0.074,15/02/2023
,18/02/2023
0.068,20/02/2023
,24/02/2023
0.071,25/02/2023
,25/02/2023
0.074,02/03/2023
,05/03/2023
,06/03/2023
0.072,07/03/2023
0.07,12/03/2023
,13/03/2023
,14/03/2023
0.079,17/03/2023
,21/03/2023
0.072,22/03/2023
,22/03/2023
0.091,27/03/2023
0.074,01/04/2023
,04/04/2023
,14/04/2023
,15/04/2023
0.088,16/04/2023
0.084,21/04/2023
,30/04/2023
0.107,01/05/2023
,01/05/2023
,08/05/2023
,09/05/2023
,16/05/2023
,17/05/2023
,18/05/2023
0.097,21/05/2023
,25/05/2023
0.106,31/05/2023
,01/06/2023
0.136,05/06/2023
,10/06/2023
0.169,10/06/2023
0.181,15/06/2023
,17/06/2023
,18/06/2023
0.086,20/06/2023
,03/07/2023
0.121,10/07/2023
,11/07/2023
,12/07/2023
0.115,15/07/2023
,19/07/2023
,20/07/2023
0.118,20/07/2023
0.135,25/07/2023
,28/07/2023
0.234,09/08/2023
,12/08/2023
,13/08/2023
0.389,29/08/2023
,29/08/2023
0.394,03/09/2023
,05/09/2023
,06/09/2023
0.338,08/09/2023
,13/09/2023
0.315,13/09/2023
,14/09/2023
,21/09/2023
,22/09/2023
0.252,23/09/2023
0.235,28/09/2023
,29/09/2023
,30/09/2023
0.225,03/10/2023
0.137,18/10/2023
0.132,23/10/2023
,24/10/2023
,31/10/2023
0.11,07/11/2023
,08/11/2023
,09/11/2023
0.117,12/11/2023
,16/11/2023
,17/11/2023
0.078,17/11/2023
,24/11/2023
,25/11/2023
0.088,12/12/2023
0.075,17/12/2023
0.067,22/12/2023
0.064,01/01/2024
0.065,06/01/2024
0.067,16/01/2024
0.066,26/01/2024
,27/01/2024
0.079,31/01/2024
,04/02/2024
0.072,05/02/2024
,05/02/2024
0.069,10/02/2024
,12/02/2024
,13/02/2024
0.072,15/02/2024
0.073,20/02/2024
,20/02/2024
0.073,25/02/2024
,29/02/2024
0.072,01/03/2024
0.071,06/03/2024
,07/03/2024
,08/03/2024
0.071,11/03/2024
,15/03/2024
,16/03/2024
0.072,16/03/2024
0.07,21/03/2024
,23/03/2024
,24/03/2024
0.079,26/03/2024
0.068,31/03/2024
,31/03/2024
,01/04/2024
0.067,05/04/2024
0.065,10/04/2024
0.073,15/04/2024
,16/04/2024
,17/04/2024
,24/04/2024
,25/04/2024
0.066,25/04/2024
0.064,30/04/2024
,03/05/2024
0.079,05/05/2024
0.08,10/05/2024
,11/05/2024
0.08,15/05/2024
,18/05/2024
,19/05/2024
0.087,20/05/2024
0.095,25/05/2024
,26/05/2024
,27/05/2024
0.098,30/05/2024
,03/06/2024
0.107,04/06/2024
,04/06/2024
0.095,09/06/2024
,11/06/2024
0.161,24/06/2024
0.182,29/06/2024
0.227,04/07/2024
,05/07/2024
,06/07/2024
,13/07/2024
,21/07/2024
0.562,29/07/2024
,29/07/2024
0.594,03/08/2024
,07/08/2024
0.581,13/08/2024
,14/08/2024
,15/08/2024
0.585,18/08/2024
0.562,23/08/2024
,23/08/2024
,30/08/2024
0.453,02/09/2024
0.543,22/09/2024
,09/10/2024
,10/10/2024
0.444,12/10/2024
0.393,17/10/2024
0.414,22/10/2024
,25/10/2024
0.364,01/11/2024
,02/11/2024
,03/11/2024
0.329,06/11/2024
,10/11/2024
,11/11/2024
0.327,11/11/2024
0.204,16/11/2024
,18/11/2024
0.256,26/11/2024
,26/11/2024
,27/11/2024
0.25,01/12/2024
,04/12/2024
,05/12/2024
0.231,06/12/2024
,12/12/2024
,13/12/2024
0.197,21/12/2024
0.151,26/12/2024
,29/12/2024
0.166,31/12/2024
0.128,10/01/2025
,13/01/2025
,14/01/2025
0.183,15/01/2025
0.175,20/01/2025
,21/01/2025
,22/01/2025
0.156,25/01/2025
,30/01/2025
0.17,04/02/2025
,06/02/2025
,07/02/2025
0.17,09/02/2025
0.18,14/02/2025
,14/02/2025
,22/02/2025
,23/02/2025
0.212,24/02/2025
0.118,01/03/2025
,02/03/2025
,03/03/2025
0.11,06/03/2025
,10/03/2025
,11/03/2025
0.115,11/03/2025
0.089,16/03/2025
0.088,18/03/2025
,18/03/2025
,19/03/2025
,27/03/2025
0.095,31/03/2025
,03/04/2025
,04/04/2025
0.083,05/04/2025
0.086,07/04/2025
0.085,10/04/2025
,11/04/2025
,12/04/2025
0.073,15/04/2025
,19/04/2025
,20/04/2025
0.075,20/04/2025
0.082,25/04/2025
,27/04/2025
0.071,27/04/2025
,28/04/2025
0.065,30/04/2025
0.096,05/05/2025
,05/05/2025
,06/05/2025
,14/05/2025
0.085,15/05/2025
0.083,17/05/2025
0.094,20/05/2025
,21/05/2025
,22/05/2025
0.184,04/06/2025
0.169,06/06/2025
,06/06/2025
,07/06/2025
0.185,09/06/2025
0.402,04/07/2025
,08/07/2025
0.455,16/07/2025
,16/07/2025
,17/07/2025
0.487,19/07/2025
0.471,24/07/2025
,24/07/2025
0.517,29/07/2025
,01/08/2025
,02/08/2025
0.487,03/08/2025
0.505,05/08/2025
,09/08/2025
0.536,13/08/2025
,17/08/2025
,18/08/2025
,26/08/2025
0.589,28/08/2025
0.396,02/09/2025
0.623,14/09/2025
,18/09/2025
0.517,22/09/2025
,04/10/2025
0.53,07/10/2025
0.482,12/10/2025
,13/10/2025
0.459,14/10/2025
0.215,17/10/2025
0.415,27/10/2025
,28/10/2025
0.32,01/11/2025
0.368,03/11/2025
0.332,06/11/2025
,06/11/2025
0.268,11/11/2025
,13/11/2025
,14/11/2025
0.248,16/11/2025
0.224,21/11/2025
,21/11/2025
,22/11/2025
0.223,23/11/2025
0.223,26/11/2025
,29/11/2025
,30/11/2025
0.185,01/12/2025
0.186,11/12/2025
0.209,16/12/2025
,16/12/2025
,23/12/2025
,24/12/2025
0.112,26/12/2025
0.156,31/12/2025
,31/12/2025
0.208,01/01/2022
,05/01/2022
0.2,06/01/2022
,13/01/2022
0.191,16/01/2022
0.179,26/01/2022
,29/01/2022
0.176,31/01/2022
0.172,05/02/2022
0.176,10/02/2022
,14/02/2022
0.103,15/02/2022
0.146,20/02/2022
,22/02/2022
0.143,25/02/2022
,02/03/2022
0.135,02/03/2022
0.109,07/03/2022
,10/03/2022
0.101,12/03/2022
0.158,17/03/2022
,26/03/2022
0.114,27/03/2022
0.119,01/04/2022
,03/04/2022
,04/04/2022
0.112,06/04/2022
0.127,16/04/2022
,19/04/2022
,20/04/2022
0.165,21/04/2022
,05/05/2022
0.141,06/05/2022
,13/05/2022
,14/05/2022
0.145,16/05/2022
,21/05/2022
0.159,21/05/2022
,23/05/2022
0.129,26/05/2022
0.173,31/05/2022
0.167,05/06/2022
,06/06/2022
0.177,10/06/2022
,23/06/2022
,30/06/2022
0.2,30/06/2022
,08/07/2022
0.215,10/07/2022
0.257,20/07/2022
0.276,30/07/2022
,02/08/2022
,17/08/2022
,25/08/2022
,10/09/2022
,11/09/2022
0.48,03/10/2022
0.483,13/10/2022
0.358,23/10/2022
0.346,02/11/2022
,21/11/2022
0.23,22/11/2022
,26/11/2022
0.258,27/11/2022
,30/11/2022
0.208,02/12/2022
0.182,07/12/2022
,13/12/2022
,15/12/2022
0.167,17/12/2022
0.148,22/12/2022
0.166,27/12/2022
0.156,01/01/2023
0.152,06/01/2023
,08/01/2023
,16/01/2023
0.143,16/01/2023
0.14,21/01/2023
,24/01/2023
0.118,31/01/2023
,01/02/2023
,02/02/2023
0.12,05/02/2023
,07/02/2023
,09/02/2023
0.114,15/02/2023
,18/02/2023
0.105,20/02/2023
,24/02/2023
,25/02/2023
0.106,25/02/2023
0.105,02/03/2023
,05/03/2023
0.108,07/03/2023
0.099,12/03/2023
,13/03/2023
,14/03/2023
0.121,17/03/2023
,21/03/2023
0.101,22/03/2023
0.125,27/03/2023
0.109,01/04/2023
,04/04/2023
,14/04/2023
0.157,16/04/2023
0.167,21/04/2023
,26/04/2023
,30/04/2023
0.137,01/05/2023
,08/05/2023
,09/05/2023
,17/05/2023
,18/05/2023
0.175,21/05/2023
,01/06/2023
,02/06/2023
0.193,05/06/2023
0.214,10/06/2023
0.234,15/06/2023
,17/06/2023
0.238,20/06/2023
,11/07/2023
0.404,15/07/2023
,19/07/2023
0.389,20/07/2023
0.391,25/07/2023
0.409,09/08/2023
0.345,29/08/2023
0.34,03/09/2023
,05/09/2023
,06/09/2023
0.283,08/09/2023
0.187,13/09/2023
,21/09/2023
0.235,23/09/2023
0.224,28/09/2023
,29/09/2023
0.22,03/10/2023
,12/10/2023
0.158,18/10/2023
0.158,23/10/2023
,24/10/2023
,31/10/2023
0.145,07/11/2023
,08/11/2023
0.11,12/11/2023
,16/11/2023
0.119,17/11/2023
,24/11/2023
,25/11/2023
0.111,07/12/2023
0.131,12/12/2023
0.145,17/12/2023
0.132,22/12/2023
0.139,01/01/2024
0.149,06/01/2024
,16/01/2024
0.134,16/01/2024
0.125,26/01/2024
,27/01/2024
,28/01/2024
0.121,31/01/2024
,04/02/2024
,05/02/2024
0.117,05/02/2024
0.114,10/02/2024
,12/02/2024
0.111,15/02/2024
,20/02/2024
0.11,20/02/2024
,21/02/2024
0.106,25/02/2024
,28/02/2024
,29/02/2024
0.106,01/03/2024
0.099,06/03/2024
,07/03/2024
,08/03/2024
0.092,11/03/2024
,15/03/2024
,16/03/2024
0.09,16/03/2024
0.088,21/03/2024
,23/03/2024
0.088,26/03/2024
,31/03/2024
0.085,31/03/2024
,01/04/2024
0.083,05/04/2024
,08/04/2024
0.081,10/04/2024
0.083,15/04/2024
,17/04/2024
0.083,20/04/2024
,24/04/2024
,25/04/2024
0.084,30/04/2024
0.087,05/05/2024
0.089,10/05/2024
,11/05/2024
0.085,15/05/2024
,18/05/2024
0.093,20/05/2024
0.095,25/05/2024
,26/05/2024
,27/05/2024
0.095,30/05/2024
,03/06/2024
,04/06/2024
0.089,04/06/2024
,11/06/2024
0.127,24/06/2024
0.167,29/06/2024
0.242,04/07/2024
,05/07/2024
,06/07/2024
,13/07/2024
,21/07/2024
,29/07/2024
0.542,29/07/2024
0.566,03/08/2024
0.631,13/08/2024
,14/08/2024
,23/08/2024
0.644,23/08/2024
,09/10/2024
0.554,12/10/2024
0.581,22/10/2024
0.281,01/11/2024
,02/11/2024
0.545,06/11/2024
,10/11/2024
0.53,11/11/2024
0.532,16/11/2024
,18/11/2024
0.554,21/11/2024
0.456,26/11/2024
0.431,01/12/2024
,04/12/2024
,05/12/2024
0.366,06/12/2024
0.266,11/12/2024
,12/12/2024
0.286,16/12/2024
0.287,26/12/2024
0.262,31/12/2024
,13/01/2025
0.262,15/01/2025
0.243,20/01/2025
,21/01/2025
0.227,25/01/2025
0.225,30/01/2025
0.217,04/02/2025
,06/02/2025
,07/02/2025
0.204,09/02/2025
,22/02/2025
0.149,24/02/2025
0.142,01/03/2025
,02/03/2025
,03/03/2025
0.134,06/03/2025
,10/03/2025
,11/03/2025
0.14,11/03/2025
0.137,16/03/2025
,18/03/2025
0.14,18/03/2025
0.109,21/03/2025
0.134,31/03/2025
,03/04/2025
0.124,05/04/2025
0.128,07/04/2025
0.126,10/04/2025
,11/04/2025
,12/04/2025
0.122,15/04/2025
,19/04/2025
,20/04/2025
0.127,20/04/2025
,27/04/2025
0.121,27/04/2025
,28/04/2025
0.099,30/04/2025
,05/05/2025
0.126,05/05/2025
,06/05/2025
,13/05/2025
,14/05/2025
0.12,15/05/2025
0.127,17/05/2025
0.131,20/05/2025
,21/05/2025
,22/05/2025
,06/06/2025
0.181,06/06/2025
0.203,09/06/2025
0.192,14/06/2025
0.36,04/07/2025
,08/07/2025
0.463,14/07/2025
,16/07/2025
0.475,16/07/2025
0.527,19/07/2025
,24/07/2025
0.517,24/07/2025
0.561,29/07/2025
,01/08/2025
0.545,03/08/2025
0.563,05/08/2025
,09/08/2025
0.587,13/08/2025
,17/08/2025
0.716,25/08/2025
0.676,28/08/2025
,18/09/2025
,19/09/2025
0.679,22/09/2025
0.635,27/09/2025
,12/10/2025
0.639,12/10/2025
,13/10/2025
0.616,14/10/2025
0.629,17/10/2025
0.554,27/10/2025
0.517,01/11/2025
0.524,03/11/2025
,06/11/2025
0.467,06/11/2025
0.497,11/11/2025
,13/11/2025
0.378,16/11/2025
,21/11/2025
0.35,21/11/2025
,22/11/2025
0.363,23/11/2025
0.317,26/11/2025
,29/11/2025
0.271,01/12/2025
0.22,11/12/2025
0.274,16/12/2025
,23/12/2025
,24/12/2025
,31/12/2025
0.204,31/12/2025
0.117,01/01/2022
,05/01/2022
0.116,06/01/2022
,13/01/2022
0.119,16/01/2022
0.118,26/01/2022
,29/01/2022
0.118,31/01/2022
0.122,05/02/2022
0.13,10/02/2022
,14/02/2022
0.106,15/02/2022
0.091,20/02/2022
,22/02/2022
0.089,25/02/2022
0.088,02/03/2022
,02/03/2022
0.079,07/03/2022
,10/03/2022
0.046,12/03/2022
0.093,17/03/2022
,26/03/2022
0.052,27/03/2022
0.053,01/04/2022
,03/04/2022
,04/04/2022
0.057,06/04/2022
0.063,16/04/2022
,19/04/2022
,20/04/2022
0.098,21/04/2022
,05/05/2022
0.078,06/05/2022
,13/05/2022
,14/05/2022
0.07,16/05/2022
,21/05/2022
,23/05/2022
0.132,31/05/2022
0.102,05/06/2022
,06/06/2022
,07/06/2022
0.113,10/06/2022
0.156,30/06/2022
,30/06/2022
,08/07/2022
0.198,10/07/2022
0.245,15/07/2022
0.26,20/07/2022
0.281,30/07/2022
,02/08/2022
,17/08/2022
,25/08/2022
,10/09/2022
,11/09/2022
0.375,03/10/2022
,12/10/2022
0.343,13/10/2022
0.256,23/10/2022
,23/10/2022
0.219,02/11/2022
,13/11/2022
,21/11/2022
0.148,22/11/2022
,26/11/2022
,30/11/2022
0.138,02/12/2022
0.125,07/12/2022
,13/12/2022
,15/12/2022
0.111,17/12/2022
0.093,22/12/2022
0.111,27/12/2022
0.107,01/01/2023
0.104,06/01/2023
,08/01/2023
,09/01/2023
0.097,16/01/2023
,16/01/2023
,24/01/2023
0.08,26/01/2023
0.078,31/01/2023
,01/02/2023
,02/02/2023
0.077,05/02/2023
,07/02/2023
,09/02/2023
0.074,15/02/2023
,18/02/2023
0.074,20/02/2023
,24/02/2023
0.072,25/02/2023
,25/02/2023
0.074,02/03/2023
,05/03/2023
0.073,07/03/2023
0.069,12/03/2023
,13/03/2023
,14/03/2023
0.078,17/03/2023
,21/03/2023
0.058,22/03/2023
0.075,27/03/2023
0.053,01/04/2023
,04/04/2023
,14/04/2023
0.062,16/04/2023
0.069,21/04/2023
,26/04/2023
,30/04/2023
0.075,01/05/2023
,08/05/2023
,09/05/2023
,17/05/2023
,18/05/2023
0.107,21/05/2023
,01/06/2023
,02/06/2023
0.107,05/06/2023
,09/06/2023
0.126,10/06/2023
0.154,15/06/2023
,17/06/2023
,18/06/2023
0.177,20/06/2023
,11/07/2023
0.382,15/07/2023
,19/07/2023
0.392,20/07/2023
0.401,25/07/2023
0.413,09/08/2023
,28/08/2023
0.335,29/08/2023
0.319,03/09/2023
,05/09/2023
,06/09/2023
0.281,08/09/2023
,15/09/2023
,21/09/2023
0.203,23/09/2023
0.198,28/09/2023
,29/09/2023
0.193,03/10/2023
,12/10/2023
0.133,18/10/2023
0.12,23/10/2023
,24/10/2023
,31/10/2023
,08/11/2023
0.107,12/11/2023
,16/11/2023
0.087,17/11/2023
,24/11/2023
,25/11/2023
0.096,12/12/2023
0.097,17/12/2023
0.09,22/12/2023
0.091,01/01/2024
0.093,06/01/2024
0.089,16/01/2024
,16/01/2024
0.088,26/01/2024
,27/01/2024
,28/01/2024
0.091,31/01/2024
,04/02/2024
0.087,05/02/2024
,05/02/2024
0.085,10/02/2024
,12/02/2024
0.084,15/02/2024
0.083,20/02/2024
,20/02/2024
,21/02/2024
0.076,25/02/2024
,28/02/2024
,29/02/2024
0.077,01/03/2024
0.068,06/03/2024
,07/03/2024
,08/03/2024
0.068,11/03/2024
,15/03/2024
0.068,16/03/2024
,16/03/2024
0.063,21/03/2024
,23/03/2024
0.065,26/03/2024
0.061,31/03/2024
,31/03/2024
,01/04/2024
0.054,05/04/2024
,08/04/2024
0.053,10/04/2024
0.052,15/04/2024
,17/04/2024
0.062,20/04/2024
,24/04/2024
,25/04/2024
0.056,30/04/2024
0.048,05/05/2024
,11/05/2024
0.061,15/05/2024
,18/05/2024
0.045,20/05/2024
0.045,25/05/2024
,26/05/2024
,27/05/2024
,03/06/2024
0.043,04/06/2024
,04/06/2024
,11/06/2024
0.104,24/06/2024
0.13,29/06/2024
0.169,04/07/2024
,05/07/2024
,13/07/2024
,21/07/2024
0.397,29/07/2024
,29/07/2024
0.506,03/08/2024
0.645,13/08/2024
,14/08/2024
0.731,23/08/2024
,23/08/2024
,30/08/2024
0.669,02/09/2024
,09/10/2024
0.612,12/10/2024
0.622,22/10/2024
0.507,01/11/2024
,02/11/2024
0.391,06/11/2024
,10/11/2024
0.484,11/11/2024
0.457,16/11/2024
,18/11/2024
0.434,21/11/2024
0.34,26/11/2024
0.325,01/12/2024
,04/12/2024
,05/12/2024
0.297,06/12/2024
0.234,11/12/2024
,12/12/2024
0.231,16/12/2024
0.221,26/12/2024
0.194,31/12/2024
,13/01/2025
0.214,15/01/2025
0.191,20/01/2025
,21/01/2025
0.175,30/01/2025
0.182,04/02/2025
,06/02/2025
,07/02/2025
0.174,09/02/2025
,22/02/2025
0.095,24/02/2025
0.09,01/03/2025
,02/03/2025
,03/03/2025
0.089,06/03/2025
,10/03/2025
0.088,11/03/2025
,11/03/2025
0.089,16/03/2025
0.092,18/03/2025
,18/03/2025
0.11,21/03/2025
0.083,31/03/2025
,03/04/2025
0.074,05/04/2025
0.074,07/04/2025
0.074,10/04/2025
,11/04/2025
,12/04/2025
0.071,15/04/2025
,19/04/2025
0.072,20/04/2025
,20/04/2025
0.069,27/04/2025
,27/04/2025
,28/04/2025
0.051,30/04/2025
0.065,05/05/2025
,05/05/2025
,06/05/2025
,14/05/2025
0.061,15/05/2025
0.07,17/05/2025
0.064,20/05/2025
,21/05/2025
,22/05/2025
0.155,06/06/2025
,06/06/2025
0.157,09/06/2025
,14/06/2025
0.397,04/07/2025
,08/07/2025
0.427,16/07/2025
,16/07/2025
0.489,19/07/2025
0.436,24/07/2025
,24/07/2025
0.455,29/07/2025
,01/08/2025
0.455,03/08/2025
0.487,05/08/2025
,09/08/2025
0.567,13/08/2025
0.55,25/08/2025
0.706,28/08/2025
,18/09/2025
,19/09/2025
0.752,22/09/2025
0.82,27/09/2025
0.675,12/10/2025
,12/10/2025
,13/10/2025
0.687,14/10/2025
0.692,17/10/2025
0.59,27/10/2025
0.447,01/11/2025
0.391,03/11/2025
0.288,06/11/2025
,06/11/2025
0.289,11/11/2025
,13/11/2025
0.172,16/11/2025
0.164,21/11/2025
,21/11/2025
,22/11/2025
0.17,23/11/2025
0.168,26/11/2025
0.147,01/12/2025
0.155,11/12/2025
0.161,16/12/2025
,23/12/2025
,24/12/2025
0.131,31/12/2025
,31/12/2025
0.068,01/01/2022
,05/01/2022
0.061,06/01/2022
,13/01/2022
0.059,16/01/2022
0.059,26/01/2022
,29/01/2022
0.065,31/01/2022
0.063,05/02/2022
,06/02/2022
0.069,10/02/2022
,14/02/2022
0.061,20/02/2022
,22/02/2022
0.057,25/02/2022
,02/03/2022
0.058,02/03/2022
0.064,07/03/2022
,10/03/2022
0.059,12/03/2022
0.07,17/03/2022
,26/03/2022
0.057,27/03/2022
0.057,01/04/2022
,03/04/2022
0.053,06/04/2022
0.089,11/04/2022
0.065,16/04/2022
,19/04/2022
,20/04/2022
0.068,21/04/2022
,27/04/2022
,05/05/2022
0.076,06/05/2022
,13/05/2022
0.06,16/05/2022
,21/05/2022
0.073,21/05/2022
,23/05/2022
0.069,26/05/2022
0.091,05/06/2022
,06/06/2022
,09/06/2022
0.118,10/06/2022
0.418,25/06/2022
,30/06/2022
0.576,30/06/2022
,01/07/2022
,08/07/2022
0.623,10/07/2022
,24/07/2022
0.718,30/07/2022
0.847,04/08/2022
,10/09/2022
0.368,03/10/2022
0.176,13/10/2022
,20/10/2022
,23/10/2022
0.12,23/10/2022
0.086,02/11/2022
,09/11/2022
0.061,12/11/2022
,13/11/2022
0.081,17/11/2022
,21/11/2022
0.078,22/11/2022
,26/11/2022
0.09,27/11/2022
,29/11/2022
0.071,02/12/2022
,07/12/2022
0.058,07/12/2022
,13/12/2022
,15/12/2022
0.06,17/12/2022
0.059,22/12/2022
0.069,27/12/2022
0.059,01/01/2023
0.058,06/01/2023
,08/01/2023
0.049,11/01/2023
,16/01/2023
0.062,16/01/2023
0.061,21/01/2023
,24/01/2023
0.06,26/01/2023
0.056,31/01/2023
,01/02/2023
,02/02/2023
0.056,05/02/2023
,07/02/2023
,09/02/2023
,10/02/2023
0.061,15/02/2023
,17/02/2023
0.054,20/02/2023
,24/02/2023
,25/02/2023
0.057,25/02/2023
0.055,02/03/2023
,05/03/2023
0.061,07/03/2023
0.056,12/03/2023
,13/03/2023
0.071,17/03/2023
,21/03/2023
0.062,22/03/2023
0.073,27/03/2023
0.06,01/04/2023
,04/04/2023
0.058,06/04/2023
,14/04/2023
0.059,16/04/2023
0.057,21/04/2023
,30/04/2023
0.075,01/05/2023
,08/05/2023
,16/05/2023
,18/05/2023
0.13,21/05/2023
0.175,26/05/2023
0.133,31/05/2023
,01/06/2023
,02/06/2023
0.163,05/06/2023
0.172,10/06/2023
0.14,15/06/2023
,17/06/2023
0.132,20/06/2023
,03/07/2023
,11/07/2023
0.278,15/07/2023
,19/07/2023
0.247,20/07/2023
0.307,25/07/2023
0.261,09/08/2023
,28/08/2023
0.267,29/08/2023
0.237,03/09/2023
,05/09/2023
0.143,13/09/2023
,15/09/2023
,21/09/2023
0.092,23/09/2023
0.082,28/09/2023
,29/09/2023
,12/10/2023
0.067,18/10/2023
0.066,23/10/2023
,31/10/2023
0.054,07/11/2023
,08/11/2023
0.079,12/11/2023
,16/11/2023
0.054,17/11/2023
,24/11/2023
0.067,12/12/2023
0.066,17/12/2023
,18/12/2023
0.058,22/12/2023
0.046,01/01/2024
0.049,06/01/2024
,16/01/2024
0.049,16/01/2024
0.052,26/01/2024
,27/01/2024
0.064,31/01/2024
,04/02/2024
0.054,05/02/2024
0.058,10/02/2024
,12/02/2024
0.057,15/02/2024
,20/02/2024
0.062,20/02/2024
0.055,25/02/2024
,28/02/2024
0.057,01/03/2024
0.055,06/03/2024
,07/03/2024
0.055,11/03/2024
,15/03/2024
,16/03/2024
0.054,16/03/2024
0.059,21/03/2024
,23/03/2024
0.059,26/03/2024
,31/03/2024
0.056,31/03/2024
,01/04/2024
0.052,05/04/2024
,08/04/2024
0.053,10/04/2024
,17/04/2024
0.056,20/04/2024
,24/04/2024
0.054,25/04/2024
0.059,05/05/2024
0.069,10/05/2024
0.053,15/05/2024
,18/05/2024
0.066,20/05/2024
0.058,25/05/2024
,26/05/2024
0.069,30/05/2024
,03/06/2024
0.072,04/06/2024
0.09,09/06/2024
,11/06/2024
0.321,29/06/2024
0.442,04/07/2024
,05/07/2024
,06/07/2024
0.393,09/07/2024
,13/07/2024
,21/07/2024
,29/07/2024
0.545,29/07/2024
0.54,03/08/2024
,06/08/2024
,14/08/2024
,22/08/2024
,23/08/2024
0.632,23/08/2024
,30/08/2024
0.387,02/09/2024
0.558,22/09/2024
,23/09/2024
,09/10/2024
0.401,12/10/2024
0.225,17/10/2024
0.339,22/10/2024
0.224,01/11/2024
,02/11/2024
0.206,06/11/2024
,10/11/2024
0.18,11/11/2024
0.161,16/11/2024
,18/11/2024
0.192,21/11/2024
,26/11/2024
0.126,26/11/2024
,27/11/2024
0.112,01/12/2024
,04/12/2024
0.111,06/12/2024
,12/12/2024
0.108,26/12/2024
,28/12/2024
0.091,31/12/2024
0.075,10/01/2025
,13/01/2025
0.077,15/01/2025
0.072,20/01/2025
,21/01/2025
0.065,25/01/2025
0.063,30/01/2025
0.07,04/02/2025
,06/02/2025
,07/02/2025
0.064,09/02/2025
,15/02/2025
,22/02/2025
0.081,24/02/2025
0.067,01/03/2025
0.068,06/03/2025
,10/03/2025
0.073,11/03/2025
0.074,16/03/2025
,18/03/2025
0.081,18/03/2025
0.067,21/03/2025
,26/03/2025
0.074,31/03/2025
,03/04/2025
0.059,05/04/2025
0.061,07/04/2025
0.058,10/04/2025
,11/04/2025
0.054,15/04/2025
,19/04/2025
,20/04/2025
0.054,20/04/2025
0.044,25/04/2025
,27/04/2025
0.056,27/04/2025
,05/05/2025
0.073,05/05/2025
0.063,15/05/2025
0.059,17/05/2025
0.078,20/05/2025
,21/05/2025
,06/06/2025
0.175,06/06/2025
0.23,09/06/2025
0.436,14/06/2025
0.617,04/07/2025
,08/07/2025
0.694,14/07/2025
0.637,16/07/2025
,24/07/2025
0.635,24/07/2025
0.657,29/07/2025
,01/08/2025
0.638,03/08/2025
0.65,05/08/2025
0.686,08/08/2025
,09/08/2025
0.661,13/08/2025
,17/08/2025
0.511,23/08/2025
,25/08/2025
0.703,25/08/2025
0.66,28/08/2025
,18/09/2025
0.559,22/09/2025
0.457,14/10/2025
0.462,17/10/2025
0.334,27/10/2025
,28/10/2025
0.273,01/11/2025
0.273,03/11/2025
0.24,06/11/2025
0.248,11/11/2025
,13/11/2025
0.183,16/11/2025
,21/11/2025
0.181,21/11/2025
0.176,23/11/2025
0.178,26/11/2025
,29/11/2025
0.148,01/12/2025
,07/12/2025
0.159,11/12/2025
0.126,16/12/2025
0.128,21/12/2025
,23/12/2025
0.141,26/12/2025
,31/12/2025
0.116,31/12/2025
0.128,01/01/2022
,05/01/2022
0.122,06/01/2022
0.12,16/01/2022
0.122,26/01/2022
,29/01/2022
0.118,31/01/2022
0.099,05/02/2022
,06/02/2022
0.105,10/02/2022
,14/02/2022
0.095,20/02/2022
,22/02/2022
0.091,25/02/2022
,02/03/2022
0.089,02/03/2022
,10/03/2022
0.087,12/03/2022
0.114,17/03/2022
,19/03/2022
,26/03/2022
0.087,27/03/2022
0.086,01/04/2022
,03/04/2022
,04/04/2022
0.082,06/04/2022
0.124,11/04/2022
0.096,16/04/2022
,19/04/2022
,20/04/2022
0.088,21/04/2022
,28/04/2022
0.146,01/05/2022
,05/05/2022
0.127,06/05/2022
,13/05/2022
,14/05/2022
0.126,16/05/2022
,21/05/2022
0.131,21/05/2022
,23/05/2022
0.137,26/05/2022
0.172,31/05/2022
0.101,05/06/2022
,06/06/2022
,07/06/2022
0.099,10/06/2022
0.122,25/06/2022
,26/06/2022
,30/06/2022
0.136,30/06/2022
,08/07/2022
0.205,10/07/2022
0.296,20/07/2022
,24/07/2022
0.338,30/07/2022
,02/08/2022
,09/08/2022
0.452,09/08/2022
,18/08/2022
0.642,24/08/2022
,26/08/2022
,10/09/2022
,11/09/2022
0.493,03/10/2022
0.414,13/10/2022
,20/10/2022
,23/10/2022
0.334,23/10/2022
,28/10/2022
0.343,28/10/2022
0.267,02/11/2022
,09/11/2022
,13/11/2022
,21/11/2022
0.212,22/11/2022
,26/11/2022
0.23,27/11/2022
,30/11/2022
0.161,02/12/2022
,07/12/2022
0.127,07/12/2022
,13/12/2022
,15/12/2022
0.116,17/12/2022
0.103,22/12/2022
0.126,27/12/2022
0.105,01/01/2023
0.102,06/01/2023
,08/01/2023
,09/01/2023
0.087,11/01/2023
,16/01/2023
0.094,16/01/2023
0.087,21/01/2023
,24/01/2023
,25/01/2023
0.081,26/01/2023
0.074,31/01/2023
,01/02/2023
,02/02/2023
0.074,05/02/2023
,09/02/2023
,10/02/2023
0.07,15/02/2023
,17/02/2023
,18/02/2023
0.062,20/02/2023
,24/02/2023
,25/02/2023
0.064,25/02/2023
0.069,02/03/2023
,05/03/2023
0.067,07/03/2023
0.066,12/03/2023
,13/03/2023
,14/03/2023
0.084,17/03/2023
,21/03/2023
0.07,22/03/2023
0.093,27/03/2023
0.084,01/04/2023
,04/04/2023
0.1,06/04/2023
,14/04/2023
0.091,16/04/2023
0.092,21/04/2023
,26/04/2023
,30/04/2023
,01/05/2023
0.094,01/05/2023
,08/05/2023
,09/05/2023
0.11,11/05/2023
,17/05/2023
,18/05/2023
0.122,21/05/2023
0.148,26/05/2023
,02/06/2023
0.16,05/06/2023
,09/06/2023
0.161,10/06/2023
0.157,15/06/2023
,17/06/2023
,18/06/2023
0.159,20/06/2023
,03/07/2023
,11/07/2023
,19/07/2023
0.255,20/07/2023
0.301,25/07/2023
0.218,09/08/2023
,28/08/2023
0.249,29/08/2023
,05/09/2023
,06/09/2023
0.195,08/09/2023
,13/09/2023
0.206,13/09/2023
,15/09/2023
,21/09/2023
0.153,23/09/2023
0.14,28/09/2023
0.139,03/10/2023
,12/10/2023
0.11,18/10/2023
,23/10/2023
0.109,23/10/2023
,24/10/2023
,31/10/2023
0.06,07/11/2023
,08/11/2023
,16/11/2023
,17/11/2023
0.086,17/11/2023
,24/11/2023
,25/11/2023
0.099,12/12/2023
0.098,17/12/2023
,18/12/2023
0.075,22/12/2023
0.069,01/01/2024
0.067,06/01/2024
0.068,16/01/2024
0.07,26/01/2024
,27/01/2024
,28/01/2024
0.073,31/01/2024
,04/02/2024
,05/02/2024
0.067,05/02/2024
0.064,10/02/2024
,12/02/2024
,13/02/2024
0.068,15/02/2024
,20/02/2024
0.065,20/02/2024
0.066,25/02/2024
,29/02/2024
0.069,01/03/2024
0.065,06/03/2024
,07/03/2024
,08/03/2024
0.065,11/03/2024
,15/03/2024
,16/03/2024
0.064,16/03/2024
0.065,21/03/2024
,23/03/2024
0.075,26/03/2024
,31/03/2024
0.061,31/03/2024
,01/04/2024
0.06,05/04/2024
,08/04/2024
0.058,10/04/2024
0.062,15/04/2024
,17/04/2024
0.06,20/04/2024
,24/04/2024
,25/04/2024
0.06,25/04/2024
0.061,30/04/2024
0.072,05/05/2024
0.08,10/05/2024
,11/05/2024
0.074,15/05/2024
,18/05/2024
,19/05/2024
0.084,20/05/2024
0.092,25/05/2024
,26/05/2024
,27/05/2024
0.08,30/05/2024
,03/06/2024
,04/06/2024
0.079,04/06/2024
0.088,09/06/2024
,11/06/2024
0.137,24/06/2024
0.183,29/06/2024
0.244,04/07/2024
,05/07/2024
,06/07/2024
,13/07/2024
,29/07/2024
0.585,29/07/2024
0.602,03/08/2024
0.627,13/08/2024
,14/08/2024
0.616,18/08/2024
,23/08/2024
,31/08/2024
0.574,02/09/2024
0.639,22/09/2024
,09/10/2024
0.517,12/10/2024
,17/10/2024
0.499,22/10/2024
0.433,01/11/2024
,02/11/2024
0.427,06/11/2024
,10/11/2024
0.413,11/11/2024
0.397,16/11/2024
,18/11/2024
0.321,21/11/2024
,26/11/2024
0.28,26/11/2024
,27/11/2024
0.257,01/12/2024
,04/12/2024
,05/12/2024
0.229,06/12/2024
0.16,11/12/2024
,12/12/2024
0.163,26/12/2024
0.135,31/12/2024
0.106,10/01/2025
,13/01/2025
0.114,15/01/2025
0.124,20/01/2025
,21/01/2025
0.107,25/01/2025
0.113,30/01/2025
0.12,04/02/2025
,06/02/2025
,07/02/2025
0.115,09/02/2025
,22/02/2025
,23/02/2025
0.144,24/02/2025
0.147,01/03/2025
,02/03/2025
,03/03/2025
0.158,06/03/2025
,10/03/2025
,11/03/2025
0.175,11/03/2025
0.182,16/03/2025
,18/03/2025
0.106,18/03/2025
0.124,21/03/2025
0.11,31/03/2025
,03/04/2025
0.098,05/04/2025
0.1,07/04/2025
0.099,10/04/2025
,11/04/2025
,12/04/2025
0.081,15/04/2025
,19/04/2025
,20/04/2025
0.083,20/04/2025
0.075,25/04/2025
,27/04/2025
0.08,27/04/2025
,28/04/2025
0.07,30/04/2025
,05/05/2025
0.098,05/05/2025
,06/05/2025
,13/05/2025
0.085,15/05/2025
0.083,17/05/2025
0.089,20/05/2025
,21/05/2025
,22/05/2025
,06/06/2025
0.16,06/06/2025
0.185,09/06/2025
0.269,14/06/2025
0.41,04/07/2025
0.326,14/07/2025
,16/07/2025
0.315,16/07/2025
,24/07/2025
0.301,24/07/2025
0.301,29/07/2025
,01/08/2025
0.302,03/08/2025
0.324,05/08/2025
0.379,08/08/2025
,09/08/2025
,10/08/2025
0.392,13/08/2025
0.47,23/08/2025
,25/08/2025
0.505,25/08/2025
0.494,28/08/2025
0.599,02/09/2025
,18/09/2025
,19/09/2025
0.598,22/09/2025
0.676,27/09/2025
,13/10/2025
0.578,14/10/2025
0.538,17/10/2025
0.523,27/10/2025
,28/10/2025
0.474,01/11/2025
0.476,03/11/2025
,06/11/2025
0.408,06/11/2025
0.412,11/11/2025
,13/11/2025
,14/11/2025
0.327,16/11/2025
,21/11/2025
0.304,21/11/2025
,22/11/2025
0.308,23/11/2025
0.308,26/11/2025
,29/11/2025
,30/11/2025
0.202,01/12/2025
,16/12/2025
0.091,16/12/2025
,23/12/2025
,24/12/2025
0.095,26/12/2025
,31/12/2025
0.137,31/12/2025
0.094,01/01/2022
,05/01/2022
0.092,06/01/2022
0.09,16/01/2022
0.081,26/01/2022
,29/01/2022
0.081,31/01/2022
0.082,05/02/2022
,06/02/2022
0.086,10/02/2022
,14/02/2022
0.082,20/02/2022
,22/02/2022
0.079,25/02/2022
0.077,02/03/2022
,02/03/2022
,10/03/2022
0.057,12/03/2022
0.089,17/03/2022
,26/03/2022
0.078,27/03/2022
0.076,01/04/2022
,03/04/2022
0.075,06/04/2022
0.099,11/04/2022
0.091,16/04/2022
,19/04/2022
,20/04/2022
0.092,21/04/2022
,27/04/2022
,28/04/2022
,05/05/2022
0.096,06/05/2022
,13/05/2022
,14/05/2022
0.089,16/05/2022
0.093,21/05/2022
,21/05/2022
,23/05/2022
0.094,26/05/2022
0.119,31/05/2022
0.099,05/06/2022
,06/06/2022
0.105,10/06/2022
0.21,25/06/2022
0.416,30/06/2022
,30/06/2022
,01/07/2022
,08/07/2022
0.635,10/07/2022
,16/07/2022
0.596,20/07/2022
,24/07/2022
0.798,30/07/2022
,18/08/2022
0.905,24/08/2022
,10/09/2022
0.66,18/09/2022
0.441,03/10/2022
0.289,13/10/2022
,20/10/2022
0.149,23/10/2022
0.175,28/10/2022
,28/10/2022
0.118,02/11/2022
0.101,12/11/2022
0.095,17/11/2022
,21/11/2022
0.106,22/11/2022
0.118,27/11/2022
,29/11/2022
0.097,02/12/2022
0.084,07/12/2022
,07/12/2022
,13/12/2022
,15/12/2022
0.078,17/12/2022
0.081,22/12/2022
0.083,27/12/2022
0.078,01/01/2023
0.077,06/01/2023
,08/01/2023
0.074,11/01/2023
0.072,16/01/2023
,16/01/2023
0.073,21/01/2023
,24/01/2023
0.07,26/01/2023
0.068,31/01/2023
,01/02/2023
,02/02/2023
0.07,05/02/2023
,07/02/2023
,09/02/2023
,10/02/2023
0.07,15/02/2023
,17/02/2023
0.069,20/02/2023
,24/02/2023
0.07,25/02/2023
,25/02/2023
0.071,02/03/2023
,05/03/2023
0.07,07/03/2023
0.069,12/03/2023
,13/03/2023
0.085,17/03/2023
,21/03/2023
0.074,22/03/2023
0.088,27/03/2023
0.075,01/04/2023
,04/04/2023
0.076,06/04/2023
,14/04/2023
0.091,16/04/2023
0.088,21/04/2023
,30/04/2023
0.093,01/05/2023
,08/05/2023
,18/05/2023
0.149,21/05/2023
0.205,26/05/2023
0.161,05/06/2023
,09/06/2023
0.155,10/06/2023
0.146,15/06/2023
,17/06/2023
0.147,20/06/2023
0.178,05/07/2023
,11/07/2023
0.161,15/07/2023
,19/07/2023
0.196,20/07/2023
0.191,09/08/2023
,28/08/2023
0.256,29/08/2023
,05/09/2023
0.217,08/09/2023
0.176,13/09/2023
,13/09/2023
,21/09/2023
0.149,23/09/2023
0.136,28/09/2023
,29/09/2023
0.124,03/10/2023
,12/10/2023
0.113,18/10/2023
0.107,23/10/2023
,23/10/2023
,31/10/2023
0.101,07/11/2023
,08/11/2023
,16/11/2023
0.087,17/11/2023
,24/11/2023
0.106,12/12/2023
0.113,17/12/2023
,18/12/2023
0.073,22/12/2023
0.061,01/01/2024
0.063,06/01/2024
0.063,16/01/2024
,16/01/2024
0.065,26/01/2024
,27/01/2024
0.079,31/01/2024
,04/02/2024
0.067,05/02/2024
,05/02/2024
0.071,10/02/2024
,12/02/2024
0.07,15/02/2024
0.068,20/02/2024
,20/02/2024
,21/02/2024
0.069,25/02/2024
,28/02/2024
,29/02/2024
0.071,01/03/2024
0.069,06/03/2024
,07/03/2024
0.069,11/03/2024
,15/03/2024
0.069,16/03/2024
,16/03/2024
0.073,21/03/2024
,23/03/2024
0.082,26/03/2024
0.069,31/03/2024
,31/03/2024
,01/04/2024
0.069,05/04/2024
,08/04/2024
0.07,10/04/2024
0.074,15/04/2024
,17/04/2024
0.072,20/04/2024
,24/04/2024
0.073,25/04/2024
,25/04/2024
0.073,30/04/2024
0.076,05/05/2024
0.083,10/05/2024
0.07,15/05/2024
,18/05/2024
0.077,20/05/2024
0.078,25/05/2024
,26/05/2024
,27/05/2024
0.083,30/05/2024
,03/06/2024
0.079,04/06/2024
,04/06/2024
0.086,09/06/2024
,11/06/2024
0.188,29/06/2024
0.274,04/07/2024
,05/07/2024
,06/07/2024
,13/07/2024
0.751,29/07/2024
,29/07/2024
0.806,03/08/2024
0.837,13/08/2024
,14/08/2024
0.535,18/08/2024
,23/08/2024
0.691,17/09/2024
0.584,22/09/2024
,09/10/2024
0.439,12/10/2024
0.384,22/10/2024
0.214,01/11/2024
,02/11/2024
0.195,06/11/2024
,10/11/2024
0.163,11/11/2024
0.154,16/11/2024
,18/11/2024
0.186,21/11/2024
0.112,26/11/2024
,26/11/2024
,27/11/2024
0.106,01/12/2024
,04/12/2024
0.108,06/12/2024
,12/12/2024
0.104,26/12/2024
,28/12/2024
0.082,31/12/2024
,13/01/2025
0.097,15/01/2025
0.111,20/01/2025
,21/01/2025
0.103,25/01/2025
0.081,30/01/2025
0.089,04/02/2025
,06/02/2025
,07/02/2025
0.084,09/02/2025
,14/02/2025
,22/02/2025
0.094,24/02/2025
0.088,01/03/2025
,02/03/2025
0.087,06/03/2025
,10/03/2025
0.093,11/03/2025
0.095,16/03/2025
0.1,18/03/2025
,18/03/2025
0.112,21/03/2025
0.14,31/03/2025
,03/04/2025
0.147,05/04/2025
0.159,07/04/2025
0.089,10/04/2025
,11/04/2025
0.076,15/04/2025
,19/04/2025
0.073,20/04/2025
,20/04/2025
0.072,25/04/2025
0.074,27/04/2025
,27/04/2025
0.084,05/05/2025
,05/05/2025
,06/05/2025
0.078,15/05/2025
0.074,17/05/2025
0.086,20/05/2025
,21/05/2025
,22/05/2025
0.149,06/06/2025
,06/06/2025
0.292,14/06/2025
0.497,04/07/2025
,08/07/2025
0.641,14/07/2025
0.554,16/07/2025
0.613,24/07/2025
,24/07/2025
0.659,29/07/2025
,01/08/2025
0.623,03/08/2025
0.631,05/08/2025
0.653,08/08/2025
0.618,13/08/2025
,17/08/2025
0.641,25/08/2025
,25/08/2025
0.627,28/08/2025
0.459,02/09/2025
,18/09/2025
0.496,22/09/2025
0.369,12/10/2025
,13/10/2025
0.383,14/10/2025
0.388,17/10/2025
0.22,27/10/2025
,28/10/2025
0.178,01/11/2025
0.176,03/11/2025
0.148,06/11/2025
0.178,11/11/2025
,13/11/2025
0.125,16/11/2025
0.119,21/11/2025
,21/11/2025
0.118,23/11/2025
0.121,26/11/2025
,29/11/2025
0.112,01/12/2025
,07/12/2025
0.137,11/12/2025
0.106,16/12/2025
0.115,21/12/2025
,23/12/2025
0.109,26/12/2025
0.091,31/12/2025
,31/12/2025
0.152,01/01/2022
,05/01/2022
0.147,06/01/2022
0.141,16/01/2022
,29/01/2022
0.133,31/01/2022
0.121,05/02/2022
,06/02/2022
0.118,10/02/2022
,14/02/2022
0.13,15/02/2022
0.103,20/02/2022
,22/02/2022
0.113,25/02/2022
0.087,02/03/2022
,02/03/2022
0.113,07/03/2022
,10/03/2022
0.08,12/03/2022
0.101,17/03/2022
,19/03/2022
,26/03/2022
0.08,27/03/2022
0.077,01/04/2022
,03/04/2022
,04/04/2022
0.075,06/04/2022
0.073,16/04/2022
,19/04/2022
,20/04/2022
,27/04/2022
,05/05/2022
,13/05/2022
,14/05/2022
0.088,16/05/2022
0.098,21/05/2022
,21/05/2022
,23/05/2022
0.112,26/05/2022
0.147,31/05/2022
0.105,05/06/2022
,06/06/2022
,07/06/2022
0.096,10/06/2022
,23/06/2022
0.114,25/06/2022
,26/06/2022
0.119,30/06/2022
,30/06/2022
,08/07/2022
0.183,10/07/2022
,16/07/2022
,24/07/2022
0.459,30/07/2022
,02/08/2022
0.599,09/08/2022
,18/08/2022
,25/08/2022
,10/09/2022
,11/09/2022
0.48,03/10/2022
0.393,13/10/2022
,20/10/2022
0.289,23/10/2022
,23/10/2022
0.256,28/10/2022
,28/10/2022
0.239,02/11/2022
,09/11/2022
0.208,12/11/2022
,13/11/2022
0.114,17/11/2022
,21/11/2022
0.103,22/11/2022
0.181,27/11/2022
,30/11/2022
0.142,02/12/2022
0.116,07/12/2022
,13/12/2022
,15/12/2022
0.109,17/12/2022
0.112,22/12/2022
0.115,27/12/2022
0.103,01/01/2023
0.096,06/01/2023
,08/01/2023
,09/01/2023
0.098,11/01/2023
0.097,16/01/2023
,16/01/2023
0.093,21/01/2023
,24/01/2023
,25/01/2023
0.086,26/01/2023
0.081,31/01/2023
,01/02/2023
,02/02/2023
0.078,05/02/2023
,07/02/2023
,09/02/2023
,10/02/2023
0.077,15/02/2023
,18/02/2023
0.076,20/02/2023
,24/02/2023
0.072,25/02/2023
,25/02/2023
0.074,02/03/2023
,05/03/2023
0.071,07/03/2023
0.07,12/03/2023
,13/03/2023
,14/03/2023
0.092,17/03/2023
,21/03/2023
0.074,22/03/2023
0.096,27/03/2023
0.079,01/04/2023
,04/04/2023
0.08,06/04/2023
,14/04/2023
0.117,16/04/2023
0.087,21/04/2023
,30/04/2023
0.091,01/05/2023
,01/05/2023
,08/05/2023
,09/05/2023
0.1,16/05/2023
,17/05/2023
,18/05/2023
0.1,21/05/2023
0.112,26/05/2023
0.148,31/05/2023
,01/06/2023
0.179,05/06/2023
0.115,10/06/2023
0.105,15/06/2023
,17/06/2023
,18/06/2023
0.101,20/06/2023
,03/07/2023
,11/07/2023
0.179,15/07/2023
,19/07/2023
0.204,20/07/2023
0.23,25/07/2023
0.365,09/08/2023
,28/08/2023
0.426,29/08/2023
0.391,03/09/2023
,05/09/2023
,06/09/2023
0.302,08/09/2023
0.314,13/09/2023
,13/09/2023
,21/09/2023
0.229,23/09/2023
0.204,28/09/2023
0.185,03/10/2023
0.106,18/10/2023
0.106,23/10/2023
,24/10/2023
,31/10/2023
,08/11/2023
,13/11/2023
,16/11/2023
0.07,17/11/2023
,17/11/2023
,24/11/2023
,25/11/2023
0.083,07/12/2023
0.08,12/12/2023
0.072,17/12/2023
0.066,22/12/2023
0.064,01/01/2024
0.072,06/01/2024
0.07,16/01/2024
0.072,26/01/2024
,27/01/2024
,28/01/2024
0.08,31/01/2024
,04/02/2024
0.069,05/02/2024
,05/02/2024
0.067,10/02/2024
,12/02/2024
0.07,15/02/2024
0.071,20/02/2024
,20/02/2024
0.069,25/02/2024
,29/02/2024
0.071,01/03/2024
0.068,06/03/2024
,07/03/2024
,08/03/2024
0.067,11/03/2024
,15/03/2024
0.067,16/03/2024
,16/03/2024
0.067,21/03/2024
,23/03/2024
0.074,26/03/2024
0.064,31/03/2024
,31/03/2024
,01/04/2024
0.061,05/04/2024
,08/04/2024
0.061,10/04/2024
0.061,15/04/2024
0.064,20/04/2024
,24/04/2024
0.062,25/04/2024
,25/04/2024
0.059,30/04/2024
0.078,05/05/2024
0.078,10/05/2024
,11/05/2024
0.074,15/05/2024
,18/05/2024
,19/05/2024
0.086,20/05/2024
0.1,25/05/2024
,26/05/2024
,27/05/2024
0.114,30/05/2024
,03/06/2024
0.112,04/06/2024
,04/06/2024
,11/06/2024
0.098,14/06/2024
0.141,24/06/2024
0.167,29/06/2024
0.182,04/07/2024
,05/07/2024
,06/07/2024
0.253,09/07/2024
,13/07/2024
0.558,29/07/2024
,29/07/2024
0.555,03/08/2024
0.543,13/08/2024
,14/08/2024
0.386,18/08/2024
0.521,23/08/2024
,23/08/2024
,30/08/2024
0.58,17/09/2024
0.508,22/09/2024
,23/09/2024
,09/10/2024
0.431,12/10/2024
,17/10/2024
0.44,22/10/2024
0.374,01/11/2024
,02/11/2024
0.311,06/11/2024
,10/11/2024
0.342,11/11/2024
0.323,16/11/2024
,18/11/2024
0.224,26/11/2024
,27/11/2024
0.207,01/12/2024
,04/12/2024
,05/12/2024
0.198,06/12/2024
,12/12/2024
0.186,16/12/2024
0.144,21/12/2024
0.164,26/12/2024
0.148,31/12/2024
,13/01/2025
0.117,15/01/2025
0.117,20/01/2025
,21/01/2025
0.104,25/01/2025
0.104,30/01/2025
0.109,04/02/2025
,06/02/2025
,07/02/2025
0.1,09/02/2025
0.1,14/02/2025
,22/02/2025
0.115,24/02/2025
0.11,01/03/2025
,02/03/2025
,03/03/2025
0.112,06/03/2025
,10/03/2025
0.128,11/03/2025
,11/03/2025
0.107,16/03/2025
0.114,18/03/2025
,18/03/2025
0.092,21/03/2025
,26/03/2025
0.11,31/03/2025
,03/04/2025
0.081,05/04/2025
0.085,07/04/2025
0.084,10/04/2025
,11/04/2025
,12/04/2025
0.071,15/04/2025
,19/04/2025
0.074,20/04/2025
,20/04/2025
0.07,25/04/2025
0.073,27/04/2025
,27/04/2025
,28/04/2025
0.069,30/04/2025
0.096,05/05/2025
,05/05/2025
0.087,15/05/2025
0.085,17/05/2025
0.089,20/05/2025
,21/05/2025
,22/05/2025
0.147,06/06/2025
,06/06/2025
0.154,09/06/2025
0.205,14/06/2025
0.377,04/07/2025
,08/07/2025
0.436,16/07/2025
,16/07/2025
0.509,24/07/2025
,24/07/2025
0.555,29/07/2025
,01/08/2025
0.52,03/08/2025
0.531,05/08/2025
0.559,08/08/2025
,09/08/2025
0.488,13/08/2025
,17/08/2025
0.561,25/08/2025
,25/08/2025
0.535,28/08/2025
0.595,02/09/2025
0.567,14/09/2025
,19/09/2025
0.499,22/09/2025
0.47,27/09/2025
,27/09/2025
0.497,07/10/2025
0.475,12/10/2025
,13/10/2025
0.475,14/10/2025
0.494,17/10/2025
0.448,27/10/2025
,28/10/2025
0.383,03/11/2025
0.299,06/11/2025
,06/11/2025
0.317,11/11/2025
,13/11/2025
,14/11/2025
0.248,16/11/2025
0.237,21/11/2025
,21/11/2025
,22/11/2025
0.234,23/11/2025
0.232,26/11/2025
,29/11/2025
0.192,01/12/2025
0.173,11/12/2025
0.083,16/12/2025
,16/12/2025
0.138,21/12/2025
,23/12/2025
,24/12/2025
0.146,26/12/2025
0.124,31/12/2025
,31/12/2025
0.147,01/01/2022
,05/01/2022
0.136,06/01/2022
,13/01/2022
0.131,16/01/2022
0.117,26/01/2022
,29/01/2022
0.122,31/01/2022
0.114,05/02/2022
,06/02/2022
0.126,10/02/2022
,14/02/2022
0.068,20/02/2022
,22/02/2022
0.063,25/02/2022
,02/03/2022
0.065,02/03/2022
0.069,07/03/2022
,10/03/2022
0.07,12/03/2022
0.081,17/03/2022
,26/03/2022
0.065,27/03/2022
0.068,01/04/2022
,03/04/2022
0.063,06/04/2022
,11/04/2022
0.075,16/04/2022
,19/04/2022
0.094,21/04/2022
,27/04/2022
,05/05/2022
,06/05/2022
0.153,06/05/2022
,13/05/2022
0.132,16/05/2022
,21/05/2022
0.126,21/05/2022
,23/05/2022
0.123,26/05/2022
0.078,31/05/2022
0.071,05/06/2022
,06/06/2022
,09/06/2022
0.063,10/06/2022
0.09,25/06/2022
,26/06/2022
0.113,30/06/2022
,30/06/2022
,08/07/2022
0.178,10/07/2022
,13/07/2022
0.207,15/07/2022
,16/07/2022
,24/07/2022
0.55,30/07/2022
0.754,09/08/2022
,17/08/2022
,25/08/2022
,10/09/2022
,18/09/2022
0.517,03/10/2022
0.372,13/10/2022
,23/10/2022
0.275,23/10/2022
,28/10/2022
0.22,02/11/2022
,09/11/2022
,13/11/2022
0.118,17/11/2022
,21/11/2022
0.108,22/11/2022
,26/11/2022
0.12,27/11/2022
0.087,02/12/2022
,07/12/2022
0.078,07/12/2022
,13/12/2022
,15/12/2022
0.073,17/12/2022
0.066,22/12/2022
0.074,27/12/2022
0.063,01/01/2023
0.074,06/01/2023
,08/01/2023
0.059,11/01/2023
,16/01/2023
0.063,16/01/2023
0.058,21/01/2023
,24/01/2023
0.058,26/01/2023
0.05,31/01/2023
,01/02/2023
0.053,05/02/2023
,07/02/2023
,09/02/2023
0.054,15/02/2023
,17/02/2023
0.048,20/02/2023
,24/02/2023
,25/02/2023
0.052,25/02/2023
0.049,02/03/2023
,05/03/2023
0.054,07/03/2023
0.047,12/03/2023
,13/03/2023
0.057,17/03/2023
,21/03/2023
0.05,22/03/2023
0.061,27/03/2023
0.059,01/04/2023
,04/04/2023
,06/04/2023
,14/04/2023
0.073,16/04/2023
0.066,21/04/2023
,30/04/2023
0.057,01/05/2023
,08/05/2023
,16/05/2023
,18/05/2023
0.09,21/05/2023
0.14,26/05/2023
0.226,31/05/2023
0.094,05/06/2023
,09/06/2023
0.088,10/06/2023
0.087,15/06/2023
,17/06/2023
0.077,20/06/2023
,11/07/2023
0.184,15/07/2023
,19/07/2023
0.215,20/07/2023
0.285,25/07/2023
,28/07/2023
0.418,09/08/2023
,12/08/2023
0.448,29/08/2023
0.397,03/09/2023
,05/09/2023
,13/09/2023
0.311,13/09/2023
,15/09/2023
,21/09/2023
0.227,23/09/2023
0.202,28/09/2023
,29/09/2023
0.11,03/10/2023
,12/10/2023
0.102,18/10/2023
,23/10/2023
0.105,23/10/2023
,31/10/2023
0.077,07/11/2023
,08/11/2023
0.094,12/11/2023
,16/11/2023
0.065,17/11/2023
,24/11/2023
,02/12/2023
0.073,07/12/2023
0.084,17/12/2023
,18/12/2023
0.059,22/12/2023
0.052,01/01/2024
0.046,06/01/2024
,16/01/2024
0.047,16/01/2024
0.05,26/01/2024
,27/01/2024
0.061,31/01/2024
,04/02/2024
0.048,05/02/2024
0.052,10/02/2024
,12/02/2024
0.078,15/02/2024
,20/02/2024
0.053,20/02/2024
0.049,25/02/2024
,28/02/2024
0.052,01/03/2024
0.048,06/03/2024
,07/03/2024
0.052,11/03/2024
,15/03/2024
0.048,16/03/2024
0.053,21/03/2024
,23/03/2024
0.049,26/03/2024
,31/03/2024
0.049,31/03/2024
0.047,05/04/2024
,08/04/2024
0.051,10/04/2024
0.052,20/04/2024
,24/04/2024
0.049,25/04/2024
0.052,30/04/2024
0.053,05/05/2024
0.069,10/05/2024
0.046,15/05/2024
,18/05/2024
0.057,20/05/2024
0.059,25/05/2024
,26/05/2024
0.064,30/05/2024
,03/06/2024
0.056,04/06/2024
0.077,09/06/2024
,11/06/2024
0.088,24/06/2024
0.143,29/06/2024
0.224,04/07/2024
,05/07/2024
0.314,09/07/2024
,13/07/2024
0.298,14/07/2024
,21/07/2024
0.695,29/07/2024
,29/07/2024
0.694,03/08/2024
,06/08/2024
,14/08/2024
0.738,18/08/2024
0.766,23/08/2024
,30/08/2024
,09/10/2024
0.549,12/10/2024
0.53,17/10/2024
0.486,22/10/2024
,25/10/2024
,02/11/2024
0.36,06/11/2024
,10/11/2024
0.328,11/11/2024
0.307,16/11/2024
,18/11/2024
,26/11/2024
0.145,26/11/2024
0.136,01/12/2024
,04/12/2024
0.134,06/12/2024
0.134,11/12/2024
,12/12/2024
0.13,16/12/2024
0.105,21/12/2024
0.122,26/12/2024
,28/12/2024
0.098,31/12/2024
0.078,10/01/2025
,13/01/2025
0.089,15/01/2025
0.083,20/01/2025
,21/01/2025
0.078,25/01/2025
0.084,30/01/2025
0.091,04/02/2025
,06/02/2025
0.092,09/02/2025
,14/02/2025
0.102,14/02/2025
,22/02/2025
0.076,24/02/2025
0.069,01/03/2025
,02/03/2025
0.071,06/03/2025
,10/03/2025
0.074,11/03/2025
0.074,16/03/2025
,18/03/2025
0.08,18/03/2025
0.081,21/03/2025
0.084,26/03/2025
,03/04/2025
0.087,05/04/2025
0.097,07/04/2025
0.093,10/04/2025
,11/04/2025
0.067,15/04/2025
,19/04/2025
0.062,20/04/2025
0.057,25/04/2025
,27/04/2025
0.067,27/04/2025
,05/05/2025
0.07,15/05/2025
0.067,17/05/2025
0.074,20/05/2025
,21/05/2025
0.1,25/05/2025
,29/05/2025
,06/06/2025
0.23,06/06/2025
0.273,09/06/2025
0.147,14/06/2025
0.338,04/07/2025
,08/07/2025
0.533,14/07/2025
0.602,16/07/2025
0.65,19/07/2025
,24/07/2025
0.627,24/07/2025
0.67,29/07/2025
,01/08/2025
0.652,03/08/2025
0.668,05/08/2025
,09/08/2025
0.631,13/08/2025
,17/08/2025
0.661,25/08/2025
0.623,28/08/2025
,02/09/2025
0.63,02/09/2025
,10/09/2025
,18/09/2025
0.579,22/09/2025
,26/09/2025
0.284,27/09/2025
,12/10/2025
0.454,12/10/2025
0.456,14/10/2025
0.459,17/10/2025
0.396,27/10/2025
,28/10/2025
0.364,01/11/2025
0.365,03/11/2025
,05/11/2025
0.3,06/11/2025
0.283,11/11/2025
,13/11/2025
0.182,16/11/2025
,21/11/2025
0.176,21/11/2025
0.173,23/11/2025
0.167,26/11/2025
,29/11/2025
0.14,01/12/2025
,07/12/2025
0.152,11/12/2025
0.156,13/12/2025
0.151,16/12/2025
,23/12/2025
0.121,26/12/2025
0.104,31/12/2025
,31/12/2025
0.093,01/01/2022
,05/01/2022
0.086,06/01/2022
,13/01/2022
0.09,16/01/2022
0.089,26/01/2022
,29/01/2022
0.094,31/01/2022
0.087,05/02/2022
,06/02/2022
0.085,10/02/2022
,14/02/2022
0.091,15/02/2022
0.09,20/02/2022
,22/02/2022
0.082,25/02/2022
,02/03/2022
0.084,02/03/2022
0.079,07/03/2022
,10/03/2022
0.083,12/03/2022
0.084,17/03/2022
,26/03/2022
0.074,27/03/2022
0.077,01/04/2022
0.072,06/04/2022
,11/04/2022
0.08,11/04/2022
0.084,16/04/2022
,19/04/2022
0.089,21/04/2022
,27/04/2022
0.079,01/05/2022
,05/05/2022
,06/05/2022
0.077,06/05/2022
0.073,11/05/2022
,13/05/2022
0.072,16/05/2022
,21/05/2022
0.075,21/05/2022
,23/05/2022
0.072,26/05/2022
0.074,05/06/2022
,06/06/2022
0.081,10/06/2022
0.082,15/06/2022
,30/06/2022
0.086,30/06/2022
0.097,05/07/2022
0.12,10/07/2022
,13/07/2022
0.213,20/07/2022
,24/07/2022
,30/07/2022
0.341,30/07/2022
0.409,04/08/2022
,09/08/2022
0.435,09/08/2022
0.542,24/08/2022
,25/08/2022
,10/09/2022
0.47,03/10/2022
,04/10/2022
,12/10/2022
0.356,13/10/2022
,20/10/2022
,23/10/2022
0.287,23/10/2022
,28/10/2022
0.243,28/10/2022
0.196,02/11/2022
,09/11/2022
0.126,12/11/2022
,13/11/2022
0.117,17/11/2022
,21/11/2022
0.11,22/11/2022
,26/11/2022
0.103,27/11/2022
0.097,02/12/2022
,07/12/2022
,07/12/2022
,13/12/2022
,15/12/2022
0.091,17/12/2022
0.087,22/12/2022
0.11,27/12/2022
0.093,06/01/2023
,08/01/2023
0.067,11/01/2023
,16/01/2023
0.082,16/01/2023
0.084,21/01/2023
,24/01/2023
0.083,26/01/2023
0.077,31/01/2023
,01/02/2023
0.08,05/02/2023
,07/02/2023
,09/02/2023
0.076,10/02/2023
0.08,15/02/2023
,17/02/2023
0.077,20/02/2023
,24/02/2023
,25/02/2023
0.08,25/02/2023
0.075,02/03/2023
,05/03/2023
0.079,07/03/2023
0.084,17/03/2023
,21/03/2023
0.078,22/03/2023
0.08,27/03/2023
,29/03/2023
0.077,01/04/2023
,04/04/2023
,06/04/2023
0.076,06/04/2023
,14/04/2023
0.079,16/04/2023
0.074,21/04/2023
0.092,26/04/2023
,30/04/2023
,08/05/2023
0.089,11/05/2023
,16/05/2023
0.077,16/05/2023
,18/05/2023
0.082,21/05/2023
0.085,26/05/2023
0.078,31/05/2023
0.084,05/06/2023
,09/06/2023
0.08,10/06/2023
,14/06/2023
0.08,15/06/2023
,17/06/2023
0.073,20/06/2023
0.086,25/06/2023
,03/07/2023
0.088,05/07/2023
0.084,10/07/2023
,11/07/2023
0.115,15/07/2023
,19/07/2023
0.135,20/07/2023
,28/07/2023
0.479,09/08/2023
,12/08/2023
0.674,29/08/2023
0.639,03/09/2023
,05/09/2023
0.71,08/09/2023
,13/09/2023
0.578,13/09/2023
,15/09/2023
0.572,18/09/2023
,21/09/2023
0.47,23/09/2023
0.386,28/09/2023
,29/09/2023
0.211,13/10/2023
0.162,18/10/2023
,23/10/2023
0.156,23/10/2023
,31/10/2023
0.089,07/11/2023
,08/11/2023
0.099,12/11/2023
,16/11/2023
0.087,17/11/2023
,24/11/2023
0.138,12/12/2023
0.137,17/12/2023
,18/12/2023
0.127,22/12/2023
0.13,01/01/2024
0.122,06/01/2024
,16/01/2024
0.081,16/01/2024
0.08,26/01/2024
,27/01/2024
,04/02/2024
0.076,05/02/2024
0.079,10/02/2024
,12/02/2024
0.076,15/02/2024
,20/02/2024
0.08,20/02/2024
0.075,25/02/2024
,28/02/2024
0.079,01/03/2024
0.074,06/03/2024
,07/03/2024
0.078,11/03/2024
,15/03/2024
0.074,16/03/2024
0.077,21/03/2024
,23/03/2024
0.073,26/03/2024
,31/03/2024
0.072,31/03/2024
0.07,05/04/2024
,08/04/2024
0.074,10/04/2024
0.069,15/04/2024
,16/04/2024
0.076,20/04/2024
,24/04/2024
0.07,25/04/2024
0.073,30/04/2024
,02/05/2024
0.078,05/05/2024
0.081,15/05/2024
,18/05/2024
0.095,20/05/2024
0.107,25/05/2024
,26/05/2024
0.1,30/05/2024
,03/06/2024
0.086,04/06/2024
0.076,09/06/2024
,11/06/2024
0.075,14/06/2024
0.105,29/06/2024
0.114,04/07/2024
,05/07/2024
0.112,09/07/2024
0.134,14/07/2024
,29/07/2024
0.426,29/07/2024
0.539,03/08/2024
0.669,08/08/2024
,14/08/2024
0.773,18/08/2024
,22/08/2024
0.805,23/08/2024
0.782,28/08/2024
,30/08/2024
0.82,22/09/2024
,23/09/2024
0.554,12/10/2024
,17/10/2024
0.494,17/10/2024
0.436,22/10/2024
,25/10/2024
0.312,01/11/2024
,02/11/2024
0.3,06/11/2024
,10/11/2024
0.266,11/11/2024
0.253,16/11/2024
,18/11/2024
0.213,21/11/2024
,26/11/2024
0.113,26/11/2024
0.097,01/12/2024
,04/12/2024
0.116,06/12/2024
0.106,11/12/2024
,12/12/2024
0.101,16/12/2024
0.074,21/12/2024
0.075,26/12/2024
,28/12/2024
0.07,31/12/2024
,13/01/2025
0.081,15/01/2025
0.086,20/01/2025
,21/01/2025
0.078,25/01/2025
0.075,30/01/2025
0.084,04/02/2025
,06/02/2025
0.08,09/02/2025
,14/02/2025
0.081,14/02/2025
,22/02/2025
0.085,24/02/2025
0.082,01/03/2025
,02/03/2025
0.082,06/03/2025
,10/03/2025
0.082,11/03/2025
0.08,16/03/2025
,18/03/2025
0.083,18/03/2025
0.083,21/03/2025
,26/03/2025
0.089,26/03/2025
,03/04/2025
0.082,05/04/2025
0.086,07/04/2025
0.081,10/04/2025
,11/04/2025
0.074,15/04/2025
,19/04/2025
0.072,20/04/2025
,27/04/2025
0.076,27/04/2025
,05/05/2025
0.072,05/05/2025
0.076,10/05/2025
,13/05/2025
0.072,15/05/2025
0.074,17/05/2025
0.069,20/05/2025
,21/05/2025
0.093,30/05/2025
,06/06/2025
0.09,06/06/2025
0.091,09/06/2025
0.347,04/07/2025
,16/07/2025
0.636,16/07/2025
0.7,19/07/2025
,24/07/2025
0.736,24/07/2025
0.792,29/07/2025
0.78,03/08/2025
0.797,05/08/2025
0.786,08/08/2025
,09/08/2025
0.771,13/08/2025
,17/08/2025
0.752,23/08/2025
,25/08/2025
0.771,25/08/2025
0.715,28/08/2025
0.573,07/09/2025
0.466,14/09/2025
,18/09/2025
0.348,22/09/2025
0.208,14/10/2025
0.213,17/10/2025
0.187,27/10/2025
,28/10/2025
0.152,01/11/2025
,05/11/2025
0.13,06/11/2025
0.124,11/11/2025
,13/11/2025
0.11,16/11/2025
,21/11/2025
0.11,21/11/2025
0.11,23/11/2025
0.111,26/11/2025
0.118,01/12/2025
,07/12/2025
0.123,11/12/2025
0.117,21/12/2025
,23/12/2025
0.123,26/12/2025
,31/12/2025
0.112,31/12/2025
0.084,01/01/2022
,05/01/2022
0.076,06/01/2022
,13/01/2022
0.079,16/01/2022
0.076,26/01/2022
,29/01/2022
0.077,31/01/2022
0.075,05/02/2022
,06/02/2022
,14/02/2022
0.077,20/02/2022
,22/02/2022
0.071,25/02/2022
,02/03/2022
0.074,02/03/2022
0.07,07/03/2022
,10/03/2022
0.073,12/03/2022
0.076,17/03/2022
,26/03/2022
0.067,27/03/2022
0.07,01/04/2022
0.066,06/04/2022
,11/04/2022
0.078,11/04/2022
0.068,16/04/2022
,19/04/2022
0.079,21/04/2022
,27/04/2022
0.077,01/05/2022
,05/05/2022
,06/05/2022
0.074,06/05/2022
,13/05/2022
0.069,16/05/2022
,21/05/2022
0.074,21/05/2022
,23/05/2022
0.07,26/05/2022
0.08,31/05/2022
0.071,05/06/2022
0.083,10/06/2022
0.072,15/06/2022
,26/06/2022
,30/06/2022
0.081,30/06/2022
0.078,05/07/2022
0.092,10/07/2022
,13/07/2022
,24/07/2022
,30/07/2022
0.236,30/07/2022
0.333,04/08/2022
,09/08/2022
0.402,09/08/2022
0.539,24/08/2022
,25/08/2022
,10/09/2022
0.321,13/09/2022
0.6,28/09/2022
0.513,03/10/2022
,04/10/2022
0.39,13/10/2022
,20/10/2022
,23/10/2022
0.283,23/10/2022
0.262,28/10/2022
0.18,02/11/2022
,09/11/2022
0.124,12/11/2022
,13/11/2022
0.105,17/11/2022
,21/11/2022
0.093,22/11/2022
,26/11/2022
0.083,27/11/2022
0.078,02/12/2022
,07/12/2022
0.078,07/12/2022
,13/12/2022
,15/12/2022
0.076,17/12/2022
0.071,22/12/2022
0.086,27/12/2022
0.082,06/01/2023
,08/01/2023
,16/01/2023
0.081,16/01/2023
,21/01/2023
0.078,21/01/2023
,24/01/2023
0.08,26/01/2023
0.069,31/01/2023
,01/02/2023
0.074,05/02/2023
,07/02/2023
,09/02/2023
0.068,10/02/2023
0.072,15/02/2023
,17/02/2023
0.068,20/02/2023
,24/02/2023
,25/02/2023
0.072,25/02/2023
0.067,02/03/2023
,05/03/2023
0.072,07/03/2023
,13/03/2023
0.073,17/03/2023
,21/03/2023
0.068,22/03/2023
0.071,27/03/2023
0.066,01/04/2023
,04/04/2023
,06/04/2023
,14/04/2023
0.068,16/04/2023
0.071,21/04/2023
,26/04/2023
0.1,26/04/2023
,30/04/2023
,08/05/2023
0.099,11/05/2023
0.112,16/05/2023
,18/05/2023
0.087,26/05/2023
0.089,05/06/2023
0.079,10/06/2023
,14/06/2023
0.081,15/06/2023
,17/06/2023
0.07,20/06/2023
,03/07/2023
0.077,05/07/2023
0.089,10/07/2023
0.105,15/07/2023
,19/07/2023
0.129,20/07/2023
,28/07/2023
0.503,09/08/2023
,12/08/2023
,19/08/2023
,28/08/2023
0.739,29/08/2023
0.68,03/09/2023
,05/09/2023
0.73,08/09/2023
,13/09/2023
0.531,13/09/2023
,15/09/2023
0.608,18/09/2023
,20/09/2023
,21/09/2023
0.512,23/09/2023
0.46,28/09/2023
,29/09/2023
0.418,03/10/2023
0.271,13/10/2023
0.213,18/10/2023
,23/10/2023
0.191,23/10/2023
,31/10/2023
0.146,07/11/2023
,08/11/2023
0.136,12/11/2023
,16/11/2023
0.096,17/11/2023
,24/11/2023
0.117,12/12/2023
0.114,17/12/2023
,18/12/2023
0.104,22/12/2023
0.096,01/01/2024
0.079,06/01/2024
0.078,16/01/2024
0.076,21/01/2024
0.077,26/01/2024
,27/01/2024
,04/02/2024
0.075,05/02/2024
0.077,10/02/2024
,12/02/2024
0.079,15/02/2024
,20/02/2024
0.079,20/02/2024
0.073,25/02/2024
,28/02/2024
0.076,01/03/2024
0.072,06/03/2024
,07/03/2024
0.075,11/03/2024
,15/03/2024
0.071,16/03/2024
0.075,21/03/2024
,23/03/2024
0.072,26/03/2024
,31/03/2024
0.069,31/03/2024
0.068,05/04/2024
,08/04/2024
0.072,10/04/2024
0.065,15/04/2024
,16/04/2024
0.073,20/04/2024
,24/04/2024
0.069,25/04/2024
0.071,30/04/2024
,02/05/2024
0.085,05/05/2024
0.08,15/05/2024
,18/05/2024
0.081,20/05/2024
0.094,25/05/2024
,26/05/2024
0.093,30/05/2024
,03/06/2024
0.083,04/06/2024
0.072,09/06/2024
,11/06/2024
0.092,29/06/2024
0.109,04/07/2024
,05/07/2024
0.28,14/07/2024
,21/07/2024
,29/07/2024
0.776,29/07/2024
0.841,03/08/2024
,06/08/2024
0.846,08/08/2024
,14/08/2024
,22/08/2024
0.894,28/08/2024
,30/08/2024
0.889,02/09/2024
0.733,17/09/2024
0.71,22/09/2024
,23/09/2024
,09/10/2024
0.301,12/10/2024
,17/10/2024
0.268,17/10/2024
0.279,22/10/2024
,25/10/2024
0.175,01/11/2024
,02/11/2024
0.179,06/11/2024
,10/11/2024
0.111,11/11/2024
0.105,16/11/2024
,18/11/2024
0.143,21/11/2024
,26/11/2024
0.085,26/11/2024
0.079,01/12/2024
,04/12/2024
0.094,06/12/2024
0.089,11/12/2024
,12/12/2024
0.085,16/12/2024
0.094,26/12/2024
,28/12/2024
0.082,31/12/2024
0.113,10/01/2025
,13/01/2025
0.087,15/01/2025
0.081,20/01/2025
,21/01/2025
0.074,25/01/2025
0.073,30/01/2025
0.078,04/02/2025
,06/02/2025
0.076,09/02/2025
,14/02/2025
0.075,14/02/2025
,22/02/2025
0.078,24/02/2025
0.075,01/03/2025
,02/03/2025
0.072,06/03/2025
,10/03/2025
0.075,11/03/2025
0.07,16/03/2025
,18/03/2025
0.075,18/03/2025
0.074,21/03/2025
,26/03/2025
0.072,26/03/2025
0.085,31/03/2025
,03/04/2025
0.069,05/04/2025
0.074,07/04/2025
0.069,10/04/2025
,11/04/2025
0.061,15/04/2025
,19/04/2025
0.061,20/04/2025
0.058,25/04/2025
,27/04/2025
0.065,27/04/2025
0.06,30/04/2025
,05/05/2025
0.051,05/05/2025
,13/05/2025
0.059,15/05/2025
0.063,17/05/2025
0.059,20/05/2025
,21/05/2025
0.077,30/05/2025
0.096,04/06/2025
,06/06/2025
0.09,06/06/2025
0.085,09/06/2025
0.345,04/07/2025
,08/07/2025
,16/07/2025
0.682,16/07/2025
0.737,19/07/2025
,24/07/2025
0.774,24/07/2025
0.826,29/07/2025
,01/08/2025
0.813,03/08/2025
0.829,05/08/2025
,09/08/2025
0.811,13/08/2025
,17/08/2025
,25/08/2025
0.81,25/08/2025
0.79,28/08/2025
,02/09/2025
0.649,07/09/2025
0.63,14/09/2025
0.667,17/09/2025
,18/09/2025
0.471,22/09/2025
,26/09/2025
0.483,27/09/2025
0.355,02/10/2025
,12/10/2025
0.247,12/10/2025
0.233,14/10/2025
0.235,17/10/2025
0.221,22/10/2025
0.175,27/10/2025
,28/10/2025
0.132,01/11/2025
,05/11/2025
0.104,06/11/2025
0.108,11/11/2025
,13/11/2025
0.089,16/11/2025
,21/11/2025
0.09,21/11/2025
0.091,23/11/2025
0.091,26/11/2025
0.094,01/12/2025
0.118,06/12/2025
,07/12/2025
0.107,11/12/2025
0.095,21/12/2025
,23/12/2025
0.099,26/12/2025
,31/12/2025
0.095,31/12/2025
0.139,01/01/2022
,05/01/2022
,06/01/2022
0.126,06/01/2022
,13/01/2022
,14/01/2022
0.109,16/01/2022
0.137,21/01/2022
0.094,26/01/2022
,29/01/2022
0.09,31/01/2022
0.088,05/02/2022
0.096,10/02/2022
0.089,15/02/2022
,23/02/2022
0.065,25/02/2022
,02/03/2022
0.07,02/03/2022
,03/03/2022
,10/03/2022
,11/03/2022
0.048,12/03/2022
0.08,17/03/2022
,19/03/2022
,26/03/2022
,27/03/2022
0.064,27/03/2022
0.059,01/04/2022
,03/04/2022
,04/04/2022
0.061,06/04/2022
,19/04/2022
,20/04/2022
0.087,21/04/2022
,27/04/2022
,05/05/2022
,13/05/2022
,14/05/2022
0.077,16/05/2022
,21/05/2022
0.083,21/05/2022
,23/05/2022
0.09,26/05/2022
0.089,05/06/2022
,06/06/2022
,07/06/2022
0.083,10/06/2022
,26/06/2022
,30/06/2022
0.096,30/06/2022
,08/07/2022
0.1,10/07/2022
,16/07/2022
,17/07/2022
0.115,20/07/2022
0.12,30/07/2022
,02/08/2022
,09/08/2022
0.129,09/08/2022
,18/08/2022
0.228,24/08/2022
,26/08/2022
,10/09/2022
,11/09/2022
0.379,03/10/2022
,04/10/2022
0.374,13/10/2022
0.294,23/10/2022
,28/10/2022
0.31,28/10/2022
0.266,02/11/2022
,06/11/2022
,09/11/2022
,14/11/2022
,21/11/2022
,22/11/2022
0.167,22/11/2022
,26/11/2022
0.105,27/11/2022
,30/11/2022
0.139,02/12/2022
0.11,07/12/2022
,08/12/2022
,13/12/2022
,15/12/2022
,16/12/2022
0.098,17/12/2022
0.095,22/12/2022
0.099,27/12/2022
,01/01/2023
0.077,01/01/2023
0.072,06/01/2023
,08/01/2023
,09/01/2023
0.074,11/01/2023
,16/01/2023
0.069,16/01/2023
0.076,21/01/2023
,24/01/2023
,25/01/2023
0.064,26/01/2023
0.066,31/01/2023
,01/02/2023
,02/02/2023
0.064,05/02/2023
,07/02/2023
0.063,15/02/2023
,18/02/2023
0.064,20/02/2023
,24/02/2023
,25/02/2023
0.063,25/02/2023
0.067,02/03/2023
,05/03/2023
,06/03/2023
0.061,07/03/2023
0.063,12/03/2023
,13/03/2023
,14/03/2023
0.068,17/03/2023
,21/03/2023
,22/03/2023
0.064,22/03/2023
0.083,27/03/2023
0.065,01/04/2023
,04/04/2023
,14/04/2023
,15/04/2023
0.074,16/04/2023
0.074,21/04/2023
,26/04/2023
,30/04/2023
,01/05/2023
0.073,01/05/2023
,08/05/2023
,09/05/2023
,16/05/2023
0.096,16/05/2023
,17/05/2023
,18/05/2023
0.103,21/05/2023
,25/05/2023
0.089,31/05/2023
,02/06/2023
0.08,05/06/2023
,10/06/2023
0.08,10/06/2023
0.078,15/06/2023
,17/06/2023
,18/06/2023
0.077,20/06/2023
,26/06/2023
,03/07/2023
,11/07/2023
,12/07/2023
0.135,15/07/2023
,19/07/2023
,20/07/2023
0.158,20/07/2023
0.171,25/07/2023
,28/07/2023
0.344,09/08/2023
,13/08/2023
,28/08/2023
,29/08/2023
0.411,29/08/2023
0.393,03/09/2023
,05/09/2023
,06/09/2023
0.338,08/09/2023
,13/09/2023
0.272,13/09/2023
,21/09/2023
,22/09/2023
0.204,23/09/2023
0.194,28/09/2023
,29/09/2023
,30/09/2023
0.184,03/10/2023
,12/10/2023
0.099,18/10/2023
0.102,23/10/2023
,24/10/2023
,31/10/2023
0.092,07/11/2023
,08/11/2023
,09/11/2023
,16/11/2023
,17/11/2023
0.065,17/11/2023
,24/11/2023
,25/11/2023
0.068,12/12/2023
0.067,17/12/2023
,18/12/2023
0.06,22/12/2023
0.059,01/01/2024
0.06,06/01/2024
0.061,16/01/2024
0.06,26/01/2024
,27/01/2024
,28/01/2024
0.067,31/01/2024
,04/02/2024
,05/02/2024
0.059,05/02/2024
0.057,10/02/2024
,12/02/2024
,13/02/2024
0.058,15/02/2024
,20/02/2024
0.058,20/02/2024
0.057,25/02/2024
,29/02/2024
0.062,01/03/2024
0.057,06/03/2024
,07/03/2024
,08/03/2024
0.056,11/03/2024
,15/03/2024
,16/03/2024
0.057,16/03/2024
0.057,21/03/2024
,23/03/2024
,24/03/2024
0.066,26/03/2024
,31/03/2024
0.057,31/03/2024
,01/04/2024
0.051,05/04/2024
0.05,10/04/2024
0.06,15/04/2024
,17/04/2024
0.068,20/04/2024
,24/04/2024
,25/04/2024
0.045,25/04/2024
,03/05/2024
0.063,05/05/2024
0.06,10/05/2024
,11/05/2024
0.068,15/05/2024
,18/05/2024
,19/05/2024
0.066,20/05/2024
0.065,25/05/2024
,26/05/2024
,27/05/2024
0.068,30/05/2024
,03/06/2024
,04/06/2024
0.062,04/06/2024
0.079,09/06/2024
,11/06/2024
0.152,24/06/2024
0.172,29/06/2024
0.171,04/07/2024
,05/07/2024
,06/07/2024
0.191,09/07/2024
,13/07/2024
0.238,14/07/2024
,21/07/2024
,29/07/2024
0.428,29/07/2024
0.487,03/08/2024
,07/08/2024
0.601,13/08/2024
,14/08/2024
,15/08/2024
0.628,23/08/2024
,30/08/2024
0.389,22/09/2024
,09/10/2024
,10/10/2024
0.315,12/10/2024
0.311,17/10/2024
0.345,22/10/2024
,25/10/2024
0.289,01/11/2024
,02/11/2024
,03/11/2024
0.28,06/11/2024
,10/11/2024
,11/11/2024
0.259,11/11/2024
0.245,16/11/2024
,18/11/2024
,26/11/2024
0.18,26/11/2024
,27/11/2024
0.16,01/12/2024
,04/12/2024
,05/12/2024
0.147,06/12/2024
,12/12/2024
,13/12/2024
0.123,21/12/2024
0.111,26/12/2024
,28/12/2024
,29/12/2024
0.101,31/12/2024
,13/01/2025
,14/01/2025
0.094,15/01/2025
0.102,20/01/2025
,21/01/2025
,22/01/2025
0.087,25/01/2025
,30/01/2025
0.091,30/01/2025
0.09,04/02/2025
,06/02/2025
,07/02/2025
0.084,09/02/2025
,14/02/2025
0.086,14/02/2025
,22/02/2025
,23/02/2025
0.093,24/02/2025
0.088,01/03/2025
,02/03/2025
,03/03/2025
0.09,06/03/2025
,10/03/2025
,11/03/2025
0.092,11/03/2025
0.086,16/03/2025
,18/03/2025
0.084,18/03/2025
,19/03/2025
0.088,21/03/2025
,26/03/2025
,27/03/2025
0.087,31/03/2025
,03/04/2025
,04/04/2025
0.071,05/04/2025
0.073,07/04/2025
0.072,10/04/2025
,11/04/2025
0.065,15/04/2025
,19/04/2025
,20/04/2025
0.069,20/04/2025
0.063,25/04/2025
,27/04/2025
0.066,27/04/2025
,28/04/2025
,05/05/2025
0.083,05/05/2025
,06/05/2025
,14/05/2025
0.076,15/05/2025
0.071,17/05/2025
0.077,20/05/2025
,21/05/2025
,22/05/2025
,06/06/2025
0.128,06/06/2025
,07/06/2025
0.144,09/06/2025
0.233,14/06/2025
0.366,04/07/2025
,16/07/2025
0.417,16/07/2025
,17/07/2025
0.47,19/07/2025
,24/07/2025
0.206,24/07/2025
0.202,29/07/2025
,01/08/2025
,02/08/2025
0.178,03/08/2025
0.183,05/08/2025
,09/08/2025
0.222,13/08/2025
,17/08/2025
,18/08/2025
0.381,25/08/2025
,26/08/2025
0.385,28/08/2025
0.423,02/09/2025
,03/09/2025
0.544,07/09/2025
0.69,17/09/2025
0.615,22/09/2025
,27/09/2025
0.66,07/10/2025
0.626,12/10/2025
,13/10/2025
0.6,14/10/2025
0.625,17/10/2025
0.537,27/10/2025
,28/10/2025
0.484,01/11/2025
0.501,03/11/2025
,06/11/2025
0.461,06/11/2025
0.444,11/11/2025
,13/11/2025
,14/11/2025
0.366,16/11/2025
,21/11/2025
0.332,21/11/2025
,22/11/2025
0.327,23/11/2025
0.326,26/11/2025
,29/11/2025
,30/11/2025
0.251,01/12/2025
0.174,11/12/2025
,16/12/2025
0.182,16/12/2025
,23/12/2025
,24/12/2025
0.11,26/12/2025
,31/12/2025
0.098,31/12/2025
0.075,01/01/2022
,05/01/2022
0.07,06/01/2022
,13/01/2022
0.081,16/01/2022
0.091,26/01/2022
,29/01/2022
0.101,31/01/2022
0.1,05/02/2022
,06/02/2022
0.109,10/02/2022
,14/02/2022
0.09,15/02/2022
0.087,20/02/2022
,22/02/2022
0.077,25/02/2022
0.077,02/03/2022
,02/03/2022
0.066,07/03/2022
,10/03/2022
0.075,12/03/2022
0.082,17/03/2022
,26/03/2022
0.068,27/03/2022
0.069,01/04/2022
,03/04/2022
0.059,06/04/2022
0.078,11/04/2022
,11/04/2022
,19/04/2022
,05/05/2022
0.085,06/05/2022
,13/05/2022
0.103,16/05/2022
0.11,21/05/2022
,21/05/2022
0.073,26/05/2022
0.095,31/05/2022
0.078,05/06/2022
,06/06/2022
0.089,10/06/2022
0.148,25/06/2022
0.164,30/06/2022
,30/06/2022
,08/07/2022
0.316,10/07/2022
,16/07/2022
,24/07/2022
0.476,30/07/2022
,17/08/2022
,10/09/2022
0.599,18/09/2022
0.394,03/10/2022
0.275,13/10/2022
,20/10/2022
0.181,23/10/2022
0.09,02/11/2022
,21/11/2022
0.063,22/11/2022
,26/11/2022
0.076,27/11/2022
,29/11/2022
0.058,02/12/2022
0.058,07/12/2022
,07/12/2022
,13/12/2022
,15/12/2022
0.057,17/12/2022
0.052,22/12/2022
0.059,27/12/2022
0.051,01/01/2023
0.057,06/01/2023
,08/01/2023
0.05,11/01/2023
0.056,16/01/2023
,16/01/2023
0.058,21/01/2023
,24/01/2023
0.054,26/01/2023
0.05,31/01/2023
,01/02/2023
0.054,05/02/2023
,07/02/2023
,09/02/2023
0.055,15/02/2023
,17/02/2023
0.049,20/02/2023
,24/02/2023
0.054,25/02/2023
,25/02/2023
0.051,02/03/2023
,05/03/2023
0.056,07/03/2023
0.05,12/03/2023
0.063,17/03/2023
,21/03/2023
0.053,22/03/2023
0.071,27/03/2023
0.066,01/04/2023
,04/04/2023
,14/04/2023
0.06,16/04/2023
0.057,21/04/2023
,26/04/2023
,30/04/2023
0.064,01/05/2023
,08/05/2023
,18/05/2023
0.085,21/05/2023
0.11,26/05/2023
,01/06/2023
0.078,05/06/2023
0.084,10/06/2023
0.102,15/06/2023
,17/06/2023
0.116,20/06/2023
,11/07/2023
0.504,15/07/2023
,19/07/2023
0.518,20/07/2023
0.549,25/07/2023
0.554,09/08/2023
0.392,29/08/2023
0.35,03/09/2023
,05/09/2023
,15/09/2023
,21/09/2023
0.166,23/09/2023
0.149,28/09/2023
0.153,03/10/2023
,12/10/2023
0.068,18/10/2023
0.077,23/10/2023
,23/10/2023
,31/10/2023
0.054,07/11/2023
,08/11/2023
0.102,12/11/2023
,16/11/2023
0.052,17/11/2023
,24/11/2023
0.096,12/12/2023
0.051,17/12/2023
,18/12/2023
0.05,22/12/2023
0.052,01/01/2024
0.049,06/01/2024
0.05,16/01/2024
,16/01/2024
0.054,26/01/2024
,27/01/2024
0.063,31/01/2024
,04/02/2024
0.055,05/02/2024
0.058,10/02/2024
,12/02/2024
0.055,15/02/2024
0.059,20/02/2024
,20/02/2024
0.058,25/02/2024
,28/02/2024
0.059,01/03/2024
0.053,06/03/2024
,07/03/2024
0.057,11/03/2024
,15/03/2024
0.054,16/03/2024
,16/03/2024
0.06,21/03/2024
,23/03/2024
0.057,26/03/2024
0.057,31/03/2024
,31/03/2024
,01/04/2024
0.051,05/04/2024
,08/04/2024
0.055,10/04/2024
,16/04/2024
0.055,20/04/2024
,24/04/2024
0.054,25/04/2024
0.053,30/04/2024
0.054,05/05/2024
0.067,10/05/2024
0.05,15/05/2024
,18/05/2024
0.059,20/05/2024
0.057,25/05/2024
,26/05/2024
0.059,30/05/2024
,03/06/2024
0.054,04/06/2024
0.068,09/06/2024
,11/06/2024
0.093,24/06/2024
0.152,29/06/2024
0.234,04/07/2024
,05/07/2024
0.375,09/07/2024
,13/07/2024
0.666,29/07/2024
,29/07/2024
0.71,03/08/2024
,06/08/2024
0.731,13/08/2024
,14/08/2024
0.681,18/08/2024
0.633,23/08/2024
0.525,02/09/2024
,09/10/2024
0.341,12/10/2024
0.301,22/10/2024
0.255,01/11/2024
,02/11/2024
0.186,06/11/2024
,10/11/2024
0.142,11/11/2024
0.107,16/11/2024
,18/11/2024
0.072,26/11/2024
,26/11/2024
,27/11/2024
0.066,01/12/2024
,04/12/2024
0.074,06/12/2024
0.065,11/12/2024
,12/12/2024
0.079,26/12/2024
,28/12/2024
0.067,31/12/2024
,13/01/2025
0.088,15/01/2025
0.073,20/01/2025
,21/01/2025
0.058,25/01/2025
,29/01/2025
0.062,30/01/2025
0.069,04/02/2025
,06/02/2025
0.062,09/02/2025
0.096,14/02/2025
,14/02/2025
,22/02/2025
0.076,24/02/2025
0.066,01/03/2025
,02/03/2025
0.07,06/03/2025
,10/03/2025
0.078,11/03/2025
0.089,16/03/2025
0.102,18/03/2025
,18/03/2025
0.105,21/03/2025
0.081,31/03/2025
,03/04/2025
0.057,05/04/2025
0.062,07/04/2025
0.057,10/04/2025
,11/04/2025
0.054,15/04/2025
,19/04/2025
0.053,20/04/2025
0.052,25/04/2025
0.056,27/04/2025
,27/04/2025
0.047,30/04/2025
0.059,05/05/2025
,05/05/2025
,13/05/2025
0.063,15/05/2025
0.06,17/05/2025
0.063,20/05/2025
,21/05/2025
0.119,06/06/2025
,06/06/2025
0.151,09/06/2025
0.319,14/06/2025
0.384,04/07/2025
,08/07/2025
0.393,16/07/2025
0.503,19/07/2025
0.479,24/07/2025
,24/07/2025
0.517,29/07/2025
,01/08/2025
0.502,03/08/2025
0.529,05/08/2025
0.547,08/08/2025
,09/08/2025
0.512,13/08/2025
,17/08/2025
0.522,25/08/2025
0.489,28/08/2025
0.491,02/09/2025
,02/09/2025
,18/09/2025
0.419,22/09/2025
0.455,27/09/2025
0.352,12/10/2025
0.356,14/10/2025
0.281,27/10/2025
,28/10/2025
0.187,01/11/2025
0.162,03/11/2025
,05/11/2025
0.128,06/11/2025
0.131,11/11/2025
,13/11/2025
0.085,16/11/2025
0.094,21/11/2025
,21/11/2025
0.083,23/11/2025
0.073,26/11/2025
,29/11/2025
0.066,01/12/2025
,07/12/2025
0.087,11/12/2025
0.075,16/12/2025
0.097,21/12/2025
,23/12/2025
0.087,26/12/2025
0.085,31/12/2025
,31/12/2025
0.071,01/01/2022
,05/01/2022
0.062,06/01/2022
,13/01/2022
0.064,16/01/2022
0.065,26/01/2022
,29/01/2022
0.072,31/01/2022
0.064,05/02/2022
,06/02/2022
0.076,10/02/2022
,14/02/2022
0.07,15/02/2022
0.071,20/02/2022
,22/02/2022
0.063,25/02/2022
,02/03/2022
0.067,02/03/2022
0.064,07/03/2022
,10/03/2022
0.066,12/03/2022
0.066,17/03/2022
,26/03/2022
0.06,27/03/2022
0.063,01/04/2022
0.057,06/04/2022
,11/04/2022
0.064,11/04/2022
0.057,16/04/2022
,19/04/2022
0.064,21/04/2022
,27/04/2022
0.063,01/05/2022
,05/05/2022
,06/05/2022
0.057,06/05/2022
0.059,11/05/2022
,13/05/2022
0.062,16/05/2022
,21/05/2022
0.064,21/05/2022
,23/05/2022
0.062,26/05/2022
0.067,31/05/2022
0.061,05/06/2022
0.071,10/06/2022
,26/06/2022
,30/06/2022
0.093,30/06/2022
0.105,05/07/2022
0.132,10/07/2022
0.282,20/07/2022
,24/07/2022
,30/07/2022
0.52,30/07/2022
,01/08/2022
0.599,04/08/2022
,09/08/2022
0.604,09/08/2022
,25/08/2022
,10/09/2022
0.589,13/09/2022
,19/09/2022
0.368,03/10/2022
,04/10/2022
,12/10/2022
0.275,13/10/2022
,23/10/2022
0.215,23/10/2022
0.123,28/10/2022
0.131,02/11/2022
,05/11/2022
,09/11/2022
0.07,12/11/2022
,13/11/2022
0.076,17/11/2022
,21/11/2022
0.065,22/11/2022
,26/11/2022
0.072,27/11/2022
0.068,02/12/2022
,07/12/2022
0.07,07/12/2022
,13/12/2022
,15/12/2022
0.065,17/12/2022
0.057,22/12/2022
0.07,27/12/2022
0.063,01/01/2023
0.068,06/01/2023
,08/01/2023
0.061,11/01/2023
,16/01/2023
0.066,16/01/2023
0.066,21/01/2023
,24/01/2023
0.067,26/01/2023
0.061,31/01/2023
,01/02/2023
0.067,05/02/2023
,07/02/2023
,09/02/2023
0.059,10/02/2023
0.067,15/02/2023
,17/02/2023
0.061,20/02/2023
,24/02/2023
,25/02/2023
0.066,25/02/2023
0.06,02/03/2023
,05/03/2023
0.064,07/03/2023
0.057,12/03/2023
,13/03/2023
0.067,17/03/2023
,21/03/2023
0.059,22/03/2023
0.065,27/03/2023
0.058,01/04/2023
,04/04/2023
,06/04/2023
0.056,06/04/2023
,14/04/2023
0.063,16/04/2023
0.061,21/04/2023
0.073,26/04/2023
,30/04/2023
,08/05/2023
0.062,11/05/2023
,16/05/2023
,18/05/2023
0.07,21/05/2023
0.085,26/05/2023
0.092,31/05/2023
0.073,05/06/2023
,09/06/2023
0.069,10/06/2023
0.073,15/06/2023
,17/06/2023
0.068,20/06/2023
0.075,25/06/2023
,03/07/2023
0.091,05/07/2023
0.116,10/07/2023
0.163,15/07/2023
,19/07/2023
0.243,20/07/2023
0.699,09/08/2023
,12/08/2023
,19/08/2023
0.457,29/08/2023
0.384,03/09/2023
,05/09/2023
,13/09/2023
0.26,13/09/2023
,15/09/2023
0.291,18/09/2023
,21/09/2023
0.189,23/09/2023
0.156,28/09/2023
,29/09/2023
0.165,03/10/2023
,12/10/2023
0.121,13/10/2023
0.118,18/10/2023
,23/10/2023
0.121,23/10/2023
,31/10/2023
0.087,07/11/2023
,08/11/2023
0.097,12/11/2023
,13/11/2023
,16/11/2023
0.073,17/11/2023
,24/11/2023
0.096,12/12/2023
0.092,17/12/2023
,18/12/2023
0.069,22/12/2023
0.068,01/01/2024
0.064,06/01/2024
0.058,16/01/2024
0.083,21/01/2024
0.061,26/01/2024
,27/01/2024
,04/02/2024
0.06,05/02/2024
0.064,10/02/2024
,12/02/2024
0.059,15/02/2024
,20/02/2024
0.066,20/02/2024
0.059,25/02/2024
,28/02/2024
0.064,01/03/2024
0.059,06/03/2024
,07/03/2024
0.063,11/03/2024
,15/03/2024
0.058,16/03/2024
0.064,21/03/2024
,23/03/2024
0.058,26/03/2024
,31/03/2024
0.059,31/03/2024
0.056,05/04/2024
,08/04/2024
0.061,10/04/2024
0.055,15/04/2024
,16/04/2024
0.063,20/04/2024
,24/04/2024
0.058,25/04/2024
0.062,30/04/2024
,02/05/2024
0.063,05/05/2024
,10/05/2024
0.064,15/05/2024
,18/05/2024
0.079,20/05/2024
0.103,25/05/2024
,26/05/2024
0.1,30/05/2024
,03/06/2024
0.083,04/06/2024
,11/06/2024
0.081,14/06/2024
0.093,29/06/2024
0.099,04/07/2024
,05/07/2024
0.116,09/07/2024
0.161,14/07/2024
,21/07/2024
,29/07/2024
0.563,29/07/2024
0.613,03/08/2024
0.626,13/08/2024
,14/08/2024
0.579,18/08/2024
,22/08/2024
0.58,23/08/2024
0.584,28/08/2024
,30/08/2024
,15/09/2024
0.486,17/09/2024
0.487,22/09/2024
,23/09/2024
,09/10/2024
0.284,12/10/2024
,17/10/2024
0.248,17/10/2024
0.247,22/10/2024
,25/10/2024
0.188,01/11/2024
,02/11/2024
0.197,06/11/2024
,10/11/2024
0.169,11/11/2024
0.15,16/11/2024
,18/11/2024
0.156,21/11/2024
,26/11/2024
0.072,26/11/2024
0.053,01/12/2024
,04/12/2024
0.062,06/12/2024
0.06,11/12/2024
,12/12/2024
0.059,16/12/2024
0.048,21/12/2024
0.075,26/12/2024
,28/12/2024
0.067,31/12/2024
0.072,10/01/2025
,13/01/2025
0.072,15/01/2025
0.078,20/01/2025
,21/01/2025
0.064,25/01/2025
0.071,30/01/2025
0.077,04/02/2025
,06/02/2025
0.08,09/02/2025
,14/02/2025
0.093,14/02/2025
,22/02/2025
0.129,24/02/2025
0.082,01/03/2025
,02/03/2025
0.085,06/03/2025
,10/03/2025
0.093,11/03/2025
0.089,16/03/2025
,18/03/2025
0.095,18/03/2025
0.09,21/03/2025
,26/03/2025
0.093,26/03/2025
0.084,31/03/2025
,03/04/2025
0.07,05/04/2025
0.075,07/04/2025
0.07,10/04/2025
,11/04/2025
0.063,15/04/2025
,19/04/2025
0.06,20/04/2025
0.057,25/04/2025
,27/04/2025
0.064,27/04/2025
0.056,30/04/2025
,05/05/2025
0.058,05/05/2025
0.054,10/05/2025
0.061,15/05/2025
0.062,17/05/2025
0.056,20/05/2025
,21/05/2025
0.078,30/05/2025
,06/06/2025
0.137,06/06/2025
0.185,09/06/2025
0.114,14/06/2025
0.267,04/07/2025
,08/07/2025
0.478,16/07/2025
0.573,19/07/2025
,24/07/2025
0.594,24/07/2025
0.639,29/07/2025
,01/08/2025
0.613,03/08/2025
0.62,05/08/2025
0.624,08/08/2025
,09/08/2025
0.606,13/08/2025
,17/08/2025
0.598,23/08/2025
,25/08/2025
0.634,25/08/2025
0.595,28/08/2025
0.568,07/09/2025
,10/09/2025
0.526,14/09/2025
0.43,22/09/2025
0.432,27/09/2025
0.347,02/10/2025
,12/10/2025
0.253,12/10/2025
0.245,14/10/2025
0.232,17/10/2025
0.188,27/10/2025
,28/10/2025
0.146,01/11/2025
,05/11/2025
0.11,06/11/2025
0.103,11/11/2025
,13/11/2025
0.084,16/11/2025
,21/11/2025
0.079,21/11/2025
0.083,23/11/2025
0.079,26/11/2025
,29/11/2025
0.076,01/12/2025
,07/12/2025
0.078,11/12/2025
0.081,16/12/2025
0.07,21/12/2025
,23/12/2025
0.073,26/12/2025
,31/12/2025
0.068,31/12/2025
0.067,01/01/2022
,05/01/2022
0.061,06/01/2022
,13/01/2022
0.063,16/01/2022
0.063,26/01/2022
,29/01/2022
0.068,31/01/2022
0.063,05/02/2022
,06/02/2022
0.07,10/02/2022
,14/02/2022
0.068,15/02/2022
0.067,20/02/2022
,22/02/2022
0.061,25/02/2022
,02/03/2022
0.064,02/03/2022
0.06,07/03/2022
,10/03/2022
0.066,12/03/2022
0.073,17/03/2022
,26/03/2022
0.062,27/03/2022
0.064,01/04/2022
,03/04/2022
0.059,06/04/2022
,11/04/2022
,19/04/2022
,05/05/2022
0.082,06/05/2022
,13/05/2022
0.062,16/05/2022
,21/05/2022
0.064,21/05/2022
,23/05/2022
0.066,26/05/2022
0.082,31/05/2022
0.063,05/06/2022
,06/06/2022
,09/06/2022
0.069,10/06/2022
0.13,25/06/2022
,26/06/2022
,30/06/2022
0.173,30/06/2022
0.327,05/07/2022
,08/07/2022
0.378,10/07/2022
,16/07/2022
,24/07/2022
0.602,30/07/2022
0.658,09/08/2022
,10/09/2022
0.633,18/09/2022
0.403,03/10/2022
0.276,13/10/2022
,23/10/2022
0.201,23/10/2022
0.159,28/10/2022
0.111,02/11/2022
,09/11/2022
,13/11/2022
0.095,17/11/2022
,21/11/2022
0.099,22/11/2022
,26/11/2022
0.129,27/11/2022
0.076,02/12/2022
,07/12/2022
0.071,07/12/2022
,13/12/2022
,15/12/2022
0.072,17/12/2022
0.067,22/12/2022
0.076,27/12/2022
0.06,01/01/2023
0.063,06/01/2023
,08/01/2023
0.055,11/01/2023
,16/01/2023
0.062,16/01/2023
0.062,21/01/2023
,24/01/2023
0.06,26/01/2023
0.056,31/01/2023
,01/02/2023
0.061,05/02/2023
,07/02/2023
,09/02/2023
,10/02/2023
0.061,15/02/2023
,17/02/2023
0.055,20/02/2023
,24/02/2023
,25/02/2023
0.06,25/02/2023
0.055,02/03/2023
,05/03/2023
0.058,07/03/2023
0.052,12/03/2023
0.072,17/03/2023
,21/03/2023
0.056,22/03/2023
0.076,27/03/2023
0.059,01/04/2023
,04/04/2023
,14/04/2023
0.076,16/04/2023
0.063,21/04/2023
,30/04/2023
0.065,01/05/2023
,08/05/2023
,18/05/2023
0.076,21/05/2023
0.104,26/05/2023
0.089,31/05/2023
,01/06/2023
0.075,05/06/2023
0.08,10/06/2023
0.099,15/06/2023
,17/06/2023
0.11,20/06/2023
,03/07/2023
,11/07/2023
0.411,15/07/2023
,19/07/2023
0.488,20/07/2023
0.542,09/08/2023
0.414,29/08/2023
0.321,03/09/2023
,05/09/2023
0.303,08/09/2023
,13/09/2023
0.186,13/09/2023
,15/09/2023
,21/09/2023
0.164,23/09/2023
0.144,28/09/2023
,29/09/2023
0.152,03/10/2023
,12/10/2023
0.059,18/10/2023
0.067,23/10/2023
,31/10/2023
0.046,07/11/2023
,08/11/2023
,16/11/2023
0.043,17/11/2023
,24/11/2023
0.059,12/12/2023
0.054,17/12/2023
,18/12/2023
0.053,22/12/2023
0.053,01/01/2024
0.05,06/01/2024
,16/01/2024
0.051,16/01/2024
0.055,26/01/2024
,27/01/2024
0.062,31/01/2024
,04/02/2024
0.054,05/02/2024
0.058,10/02/2024
,12/02/2024
0.057,15/02/2024
,20/02/2024
0.06,20/02/2024
0.055,25/02/2024
,28/02/2024
0.06,01/03/2024
0.055,06/03/2024
,07/03/2024
0.059,11/03/2024
,15/03/2024
,16/03/2024
0.055,16/03/2024
0.061,21/03/2024
,23/03/2024
0.057,26/03/2024
,31/03/2024
0.057,31/03/2024
0.053,05/04/2024
,08/04/2024
0.057,10/04/2024
,16/04/2024
0.058,20/04/2024
,24/04/2024
0.053,25/04/2024
0.054,30/04/2024
0.056,05/05/2024
0.05,15/05/2024
,18/05/2024
0.059,20/05/2024
0.056,25/05/2024
,26/05/2024
0.064,30/05/2024
,03/06/2024
0.057,04/06/2024
0.091,09/06/2024
,11/06/2024
0.066,14/06/2024
0.123,24/06/2024
0.178,29/06/2024
0.25,04/07/2024
,05/07/2024
0.348,09/07/2024
,13/07/2024
,21/07/2024
,29/07/2024
0.577,29/07/2024
0.589,03/08/2024
0.645,13/08/2024
,14/08/2024
0.65,18/08/2024
0.622,23/08/2024
,30/08/2024
0.504,02/09/2024
,09/10/2024
0.385,12/10/2024
0.318,17/10/2024
0.345,22/10/2024
0.266,01/11/2024
,02/11/2024
0.225,06/11/2024
,10/11/2024
0.176,11/11/2024
0.16,16/11/2024
,18/11/2024
,26/11/2024
0.095,26/11/2024
,27/11/2024
0.088,01/12/2024
,04/12/2024
0.093,06/12/2024
0.08,11/12/2024
,12/12/2024
0.096,26/12/2024
,28/12/2024
0.071,31/12/2024
,13/01/2025
0.077,15/01/2025
0.08,20/01/2025
,21/01/2025
0.07,25/01/2025
,29/01/2025
0.067,30/01/2025
0.08,04/02/2025
,06/02/2025
0.076,09/02/2025
,14/02/2025
0.079,14/02/2025
,22/02/2025
0.118,24/02/2025
0.114,01/03/2025
,02/03/2025
0.128,06/03/2025
,10/03/2025
0.07,11/03/2025
0.068,16/03/2025
,18/03/2025
0.072,18/03/2025
,03/04/2025
0.061,05/04/2025
0.065,07/04/2025
0.061,10/04/2025
,11/04/2025
0.057,15/04/2025
,19/04/2025
0.056,20/04/2025
0.054,25/04/2025
,27/04/2025
0.066,27/04/2025
,05/05/2025
0.063,05/05/2025
0.065,15/05/2025
0.06,17/05/2025
0.066,20/05/2025
,21/05/2025
,06/06/2025
0.105,06/06/2025
0.095,09/06/2025
0.249,04/07/2025
,08/07/2025
0.352,14/07/2025
0.336,16/07/2025
,24/07/2025
0.393,24/07/2025
0.467,29/07/2025
,01/08/2025
0.473,03/08/2025
0.496,05/08/2025
,09/08/2025
0.555,13/08/2025
,17/08/2025
,25/08/2025
0.662,25/08/2025
0.65,28/08/2025
0.69,02/09/2025
,18/09/2025
0.615,22/09/2025
0.616,27/09/2025
0.599,12/10/2025
0.577,14/10/2025
0.549,17/10/2025
0.545,27/10/2025
,28/10/2025
0.41,01/11/2025
0.409,03/11/2025
0.251,06/11/2025
0.252,11/11/2025
,13/11/2025
0.201,16/11/2025
,21/11/2025
0.201,21/11/2025
0.202,23/11/2025
0.193,26/11/2025
,29/11/2025
0.16,01/12/2025
0.133,11/12/2025
0.101,16/12/2025
0.102,21/12/2025
,23/12/2025
0.08,26/12/2025
,31/12/2025
0.068,31/12/2025
0.102,01/01/2022
,05/01/2022
0.094,06/01/2022
,13/01/2022
0.097,16/01/2022
0.096,26/01/2022
,29/01/2022
0.102,31/01/2022
0.096,05/02/2022
,06/02/2022
0.105,10/02/2022
,14/02/2022
0.112,15/02/2022
0.103,20/02/2022
,22/02/2022
0.093,25/02/2022
,02/03/2022
0.095,02/03/2022
0.09,07/03/2022
,10/03/2022
0.093,12/03/2022
0.095,17/03/2022
,26/03/2022
0.083,27/03/2022
0.084,01/04/2022
0.075,06/04/2022
,11/04/2022
0.084,11/04/2022
0.074,16/04/2022
,19/04/2022
0.081,21/04/2022
0.078,01/05/2022
,05/05/2022
,06/05/2022
0.07,06/05/2022
,13/05/2022
0.066,16/05/2022
,21/05/2022
0.07,21/05/2022
,23/05/2022
0.068,26/05/2022
0.089,31/05/2022
0.068,05/06/2022
0.079,10/06/2022
,26/06/2022
,30/06/2022
0.107,30/06/2022
0.131,05/07/2022
0.194,10/07/2022
,13/07/2022
0.354,20/07/2022
,24/07/2022
,30/07/2022
0.617,30/07/2022
,01/08/2022
0.652,04/08/2022
,09/08/2022
0.582,09/08/2022
0.616,24/08/2022
,25/08/2022
,10/09/2022
0.601,13/09/2022
,19/09/2022
0.462,23/09/2022
0.353,03/10/2022
,04/10/2022
,12/10/2022
0.277,13/10/2022
,23/10/2022
0.238,23/10/2022
,28/10/2022
0.147,02/11/2022
,05/11/2022
,09/11/2022
0.099,12/11/2022
,13/11/2022
0.098,17/11/2022
,21/11/2022
0.091,22/11/2022
,26/11/2022
0.095,27/11/2022
0.087,02/12/2022
,07/12/2022
0.086,07/12/2022
,13/12/2022
,15/12/2022
0.085,17/12/2022
0.077,22/12/2022
0.101,27/12/2022
0.082,01/01/2023
0.091,06/01/2023
,08/01/2023
0.083,11/01/2023
,16/01/2023
0.079,16/01/2023
0.078,21/01/2023
,24/01/2023
0.079,26/01/2023
0.07,31/01/2023
,01/02/2023
0.076,05/02/2023
,07/02/2023
,09/02/2023
0.068,10/02/2023
0.076,15/02/2023
,17/02/2023
0.069,20/02/2023
,24/02/2023
,25/02/2023
0.075,25/02/2023
0.067,02/03/2023
,05/03/2023
0.073,07/03/2023
0.066,12/03/2023
0.079,17/03/2023
,21/03/2023
0.069,22/03/2023
0.073,27/03/2023
0.068,01/04/2023
,04/04/2023
,14/04/2023
0.068,21/04/2023
,30/04/2023
,08/05/2023
0.065,11/05/2023
,16/05/2023
,18/05/2023
0.074,21/05/2023
0.079,26/05/2023
0.076,31/05/2023
,01/06/2023
0.09,05/06/2023
,09/06/2023
0.089,10/06/2023
0.095,15/06/2023
,17/06/2023
0.082,20/06/2023
,25/06/2023
0.091,25/06/2023
,03/07/2023
0.172,10/07/2023
,11/07/2023
0.239,15/07/2023
,19/07/2023
0.337,20/07/2023
0.507,25/07/2023
,28/07/2023
0.678,09/08/2023
,12/08/2023
0.545,29/08/2023
0.493,03/09/2023
,05/09/2023
,13/09/2023
0.363,13/09/2023
,15/09/2023
,21/09/2023
0.219,23/09/2023
0.174,28/09/2023
,29/09/2023
0.195,03/10/2023
,12/10/2023
0.125,13/10/2023
0.129,18/10/2023
,23/10/2023
0.132,23/10/2023
,31/10/2023
0.084,07/11/2023
,08/11/2023
0.107,12/11/2023
,13/11/2023
,16/11/2023
0.088,17/11/2023
,24/11/2023
0.166,12/12/2023
0.185,17/12/2023
,18/12/2023
0.187,22/12/2023
0.209,01/01/2024
0.21,06/01/2024
,16/01/2024
0.192,16/01/2024
0.082,26/01/2024
,27/01/2024
,04/02/2024
0.076,05/02/2024
0.079,10/02/2024
,12/02/2024
0.074,15/02/2024
,20/02/2024
0.081,20/02/2024
0.073,25/02/2024
,28/02/2024
0.077,01/03/2024
0.071,06/03/2024
,07/03/2024
0.072,11/03/2024
,15/03/2024
0.07,16/03/2024
0.073,21/03/2024
,23/03/2024
0.069,26/03/2024
,31/03/2024
0.07,31/03/2024
0.066,05/04/2024
,08/04/2024
0.072,10/04/2024
0.062,15/04/2024
,16/04/2024
0.071,20/04/2024
,24/04/2024
0.067,25/04/2024
0.071,30/04/2024
,02/05/2024
0.072,05/05/2024
,10/05/2024
0.069,15/05/2024
,18/05/2024
0.072,20/05/2024
0.09,25/05/2024
,26/05/2024
0.102,30/05/2024
,03/06/2024
0.096,04/06/2024
0.076,09/06/2024
,11/06/2024
0.118,29/06/2024
0.147,04/07/2024
,05/07/2024
0.186,09/07/2024
0.29,14/07/2024
,21/07/2024
,29/07/2024
0.687,29/07/2024
0.724,03/08/2024
,06/08/2024
0.696,08/08/2024
0.483,13/08/2024
,14/08/2024
0.747,18/08/2024
,22/08/2024
,30/08/2024
0.598,17/09/2024
0.541,22/09/2024
,23/09/2024
,09/10/2024
0.378,12/10/2024
,17/10/2024
0.35,17/10/2024
0.322,22/10/2024
0.281,01/11/2024
,02/11/2024
0.279,06/11/2024
,10/11/2024
0.26,11/11/2024
0.243,16/11/2024
,18/11/2024
,26/11/2024
0.134,26/11/2024
0.112,01/12/2024
,04/12/2024
0.142,06/12/2024
0.118,11/12/2024
,12/12/2024
0.118,16/12/2024
0.124,21/12/2024
0.127,26/12/2024
,28/12/2024
0.112,31/12/2024
0.131,10/01/2025
,13/01/2025
0.147,15/01/2025
0.095,20/01/2025
,21/01/2025
0.086,25/01/2025
0.085,30/01/2025
0.088,04/02/2025
,06/02/2025
0.087,09/02/2025
,14/02/2025
0.089,14/02/2025
,22/02/2025
0.092,24/02/2025
0.085,01/03/2025
,02/03/2025
0.086,06/03/2025
,10/03/2025
0.087,11/03/2025
0.08,16/03/2025
,18/03/2025
0.091,18/03/2025
0.084,21/03/2025
,26/03/2025
0.089,26/03/2025
,03/04/2025
0.087,05/04/2025
0.098,07/04/2025
0.089,10/04/2025
,11/04/2025
0.077,15/04/2025
,19/04/2025
0.074,20/04/2025
0.072,25/04/2025
,27/04/2025
0.079,27/04/2025
0.072,30/04/2025
,05/05/2025
0.064,05/05/2025
0.076,10/05/2025
0.068,15/05/2025
0.073,17/05/2025
0.066,20/05/2025
,21/05/2025
0.084,30/05/2025
0.124,04/06/2025
,06/06/2025
0.146,06/06/2025
0.17,09/06/2025
0.291,14/06/2025
0.473,04/07/2025
,08/07/2025
0.524,16/07/2025
0.279,19/07/2025
,24/07/2025
0.221,24/07/2025
0.228,29/07/2025
,01/08/2025
0.234,03/08/2025
0.251,05/08/2025
0.272,08/08/2025
,09/08/2025
0.294,13/08/2025
,17/08/2025
0.472,23/08/2025
,25/08/2025
0.5,25/08/2025
0.502,28/08/2025
0.589,07/09/2025
0.599,14/09/2025
,18/09/2025
0.563,22/09/2025
0.607,27/09/2025
0.561,02/10/2025
,12/10/2025
0.524,12/10/2025
0.516,14/10/2025
0.508,17/10/2025
0.411,27/10/2025
,28/10/2025
0.363,01/11/2025
,05/11/2025
0.324,06/11/2025
0.308,11/11/2025
,13/11/2025
0.278,16/11/2025
,21/11/2025
0.256,21/11/2025
0.271,23/11/2025
0.258,26/11/2025
,29/11/2025
0.173,01/12/2025
,07/12/2025
0.151,11/12/2025
0.127,21/12/2025
,23/12/2025
0.163,26/12/2025
,31/12/2025
0.099,31/12/2025
0.075,01/01/2022
,05/01/2022
0.074,06/01/2022
0.076,16/01/2022
0.076,26/01/2022
,29/01/2022
0.078,31/01/2022
0.08,05/02/2022
,06/02/2022
0.089,10/02/2022
,14/02/2022
0.087,20/02/2022
,22/02/2022
0.079,25/02/2022
,02/03/2022
0.075,02/03/2022
,10/03/2022
0.071,12/03/2022
0.085,17/03/2022
,26/03/2022
0.068,27/03/2022
0.067,01/04/2022
,03/04/2022
,04/04/2022
0.065,06/04/2022
0.098,11/04/2022
,12/04/2022
0.077,16/04/2022
,19/04/2022
,20/04/2022
0.07,21/04/2022
,27/04/2022
,28/04/2022
,05/05/2022
0.083,06/05/2022
,13/05/2022
,14/05/2022
0.069,16/05/2022
,21/05/2022
0.083,21/05/2022
,23/05/2022
0.09,26/05/2022
0.103,31/05/2022
0.086,05/06/2022
,06/06/2022
0.1,10/06/2022
,23/06/2022
0.322,25/06/2022
,26/06/2022
,30/06/2022
0.467,30/06/2022
,08/07/2022
0.552,10/07/2022
,16/07/2022
,24/07/2022
0.653,30/07/2022
,02/08/2022
0.545,04/08/2022
0.737,09/08/2022
,18/08/2022
0.661,24/08/2022
,25/08/2022
,10/09/2022
,11/09/2022
0.34,03/10/2022
0.239,13/10/2022
,20/10/2022
,23/10/2022
0.125,23/10/2022
,28/10/2022
0.149,28/10/2022
0.103,02/11/2022
,09/11/2022
0.079,12/11/2022
,13/11/2022
0.092,17/11/2022
,21/11/2022
0.082,22/11/2022
0.093,27/11/2022
0.083,02/12/2022
,07/12/2022
0.074,07/12/2022
,13/12/2022
,15/12/2022
0.071,17/12/2022
0.071,22/12/2022
0.076,27/12/2022
0.074,01/01/2023
0.073,06/01/2023
,08/01/2023
0.071,11/01/2023
,16/01/2023
0.072,16/01/2023
0.074,21/01/2023
,24/01/2023
0.068,26/01/2023
0.067,31/01/2023
,01/02/2023
,02/02/2023
0.07,05/02/2023
,07/02/2023
,09/02/2023
,10/02/2023
0.07,15/02/2023
,17/02/2023
,18/02/2023
0.068,20/02/2023
,24/02/2023
,25/02/2023
0.068,25/02/2023
0.067,02/03/2023
,05/03/2023
0.066,07/03/2023
0.065,12/03/2023
,13/03/2023
0.077,17/03/2023
,21/03/2023
0.067,22/03/2023
0.079,27/03/2023
0.064,01/04/2023
,04/04/2023
0.067,06/04/2023
,14/04/2023
0.115,16/04/2023
0.075,21/04/2023
,30/04/2023
0.076,01/05/2023
,08/05/2023
,09/05/2023
,16/05/2023
,17/05/2023
,18/05/2023
0.109,21/05/2023
0.099,26/05/2023
0.138,05/06/2023
0.189,10/06/2023
0.229,15/06/2023
,17/06/2023
0.235,20/06/2023
,03/07/2023
,11/07/2023
0.409,15/07/2023
,19/07/2023
0.387,20/07/2023
0.39,25/07/2023
0.326,09/08/2023
,28/08/2023
0.335,29/08/2023
0.307,03/09/2023
,05/09/2023
0.195,08/09/2023
,13/09/2023
0.23,13/09/2023
,21/09/2023
0.175,23/09/2023
0.161,28/09/2023
,29/09/2023
,12/10/2023
0.079,18/10/2023
0.079,23/10/2023
,24/10/2023
,31/10/2023
0.062,07/11/2023
,08/11/2023
,16/11/2023
0.06,17/11/2023
,24/11/2023
,25/11/2023
0.074,07/12/2023
0.077,12/12/2023
0.078,17/12/2023
,18/12/2023
,19/12/2023
0.071,22/12/2023
0.07,01/01/2024
0.068,06/01/2024
0.068,16/01/2024
0.069,26/01/2024
,27/01/2024
,28/01/2024
0.075,31/01/2024
,04/02/2024
,05/02/2024
0.067,05/02/2024
0.068,10/02/2024
,12/02/2024
0.069,15/02/2024
,20/02/2024
0.07,20/02/2024
0.067,25/02/2024
,29/02/2024
0.068,01/03/2024
0.062,06/03/2024
,07/03/2024
,08/03/2024
0.065,11/03/2024
,15/03/2024
,16/03/2024
0.064,16/03/2024
0.066,21/03/2024
,23/03/2024
0.065,26/03/2024
,31/03/2024
0.062,31/03/2024
,01/04/2024
0.054,05/04/2024
,08/04/2024
0.056,10/04/2024
0.062,15/04/2024
,17/04/2024
0.061,20/04/2024
,24/04/2024
,25/04/2024
0.06,25/04/2024
0.059,30/04/2024
0.071,05/05/2024
0.064,10/05/2024
,11/05/2024
0.065,15/05/2024
,18/05/2024
0.079,20/05/2024
0.09,25/05/2024
,26/05/2024
,27/05/2024
0.082,30/05/2024
,03/06/2024
,04/06/2024
0.076,04/06/2024
,11/06/2024
0.14,24/06/2024
0.266,29/06/2024
0.357,04/07/2024
,05/07/2024
,06/07/2024
,13/07/2024
,29/07/2024
0.533,29/07/2024
0.53,03/08/2024
0.545,13/08/2024
,14/08/2024
0.369,18/08/2024
,23/08/2024
0.538,23/08/2024
,30/08/2024
0.535,17/09/2024
0.447,22/09/2024
,23/09/2024
,09/10/2024
0.259,12/10/2024
0.185,17/10/2024
0.204,22/10/2024
,25/10/2024
0.175,01/11/2024
,02/11/2024
0.168,06/11/2024
,10/11/2024
0.153,11/11/2024
0.145,16/11/2024
,18/11/2024
0.156,21/11/2024
,26/11/2024
0.121,26/11/2024
,27/11/2024
0.11,01/12/2024
,04/12/2024
,05/12/2024
0.109,06/12/2024
0.102,11/12/2024
,12/12/2024
0.102,21/12/2024
0.099,26/12/2024
,28/12/2024
0.081,31/12/2024
,13/01/2025
0.086,15/01/2025
0.09,20/01/2025
,21/01/2025
0.085,25/01/2025
0.077,30/01/2025
0.083,04/02/2025
,06/02/2025
,07/02/2025
0.08,09/02/2025
0.075,14/02/2025
,15/02/2025
,22/02/2025
0.086,24/02/2025
0.081,01/03/2025
,02/03/2025
,03/03/2025
0.08,06/03/2025
,10/03/2025
0.085,11/03/2025
0.089,16/03/2025
,18/03/2025
0.095,18/03/2025
0.075,21/03/2025
,26/03/2025
,03/04/2025
0.066,05/04/2025
0.07,07/04/2025
0.067,10/04/2025
,11/04/2025
,12/04/2025
0.054,15/04/2025
,19/04/2025
,20/04/2025
0.056,20/04/2025
0.054,25/04/2025
,27/04/2025
0.061,27/04/2025
,05/05/2025
0.079,05/05/2025
0.074,15/05/2025
0.075,17/05/2025
0.083,20/05/2025
,21/05/2025
,22/05/2025
,06/06/2025
0.162,06/06/2025
0.165,09/06/2025
0.249,14/06/2025
0.429,04/07/2025
,08/07/2025
0.477,14/07/2025
,16/07/2025
0.39,16/07/2025
,24/07/2025
0.409,24/07/2025
0.478,29/07/2025
,01/08/2025
0.449,03/08/2025
0.475,05/08/2025
0.515,08/08/2025
,09/08/2025
0.436,13/08/2025
,17/08/2025
,25/08/2025
0.508,25/08/2025
0.486,28/08/2025
,02/09/2025
0.487,02/09/2025
0.578,14/09/2025
,18/09/2025
0.502,22/09/2025
0.578,07/10/2025
,13/10/2025
0.505,14/10/2025
0.49,17/10/2025
0.432,27/10/2025
,28/10/2025
0.306,01/11/2025
0.32,03/11/2025
0.291,06/11/2025
0.262,11/11/2025
,13/11/2025
0.239,16/11/2025
,21/11/2025
0.22,21/11/2025
0.217,23/11/2025
0.209,26/11/2025
,29/11/2025
0.174,01/12/2025
0.151,11/12/2025
0.112,16/12/2025
,23/12/2025
,24/12/2025
0.123,26/12/2025
,31/12/2025
0.109,31/12/2025
0.103,01/01/2022
,05/01/2022
0.093,06/01/2022
,13/01/2022
0.095,16/01/2022
0.081,26/01/2022
,29/01/2022
0.093,31/01/2022
0.075,05/02/2022
,06/02/2022
0.083,10/02/2022
,14/02/2022
0.091,15/02/2022
0.079,20/02/2022
,22/02/2022
0.07,25/02/2022
,02/03/2022
0.074,02/03/2022
0.07,07/03/2022
,10/03/2022
0.076,12/03/2022
0.074,17/03/2022
,26/03/2022
0.068,27/03/2022
0.07,01/04/2022
0.066,06/04/2022
0.071,16/04/2022
,19/04/2022
0.076,21/04/2022
,27/04/2022
0.079,01/05/2022
,05/05/2022
,06/05/2022
0.074,06/05/2022
0.076,11/05/2022
,13/05/2022
0.081,16/05/2022
,21/05/2022
0.091,21/05/2022
,23/05/2022
0.102,26/05/2022
0.121,31/05/2022
0.14,05/06/2022
0.205,10/06/2022
,26/06/2022
,30/06/2022
0.33,30/06/2022
0.399,05/07/2022
0.423,10/07/2022
,13/07/2022
,24/07/2022
,30/07/2022
0.588,30/07/2022
,01/08/2022
0.595,04/08/2022
,09/08/2022
0.563,09/08/2022
,17/08/2022
0.601,24/08/2022
,25/08/2022
,10/09/2022
0.595,13/09/2022
,19/09/2022
0.493,03/10/2022
,12/10/2022
0.394,13/10/2022
,23/10/2022
0.233,23/10/2022
,28/10/2022
0.179,28/10/2022
0.138,02/11/2022
,09/11/2022
0.105,12/11/2022
0.101,17/11/2022
,21/11/2022
0.095,22/11/2022
,26/11/2022
0.098,27/11/2022
0.09,02/12/2022
,07/12/2022
0.083,07/12/2022
,13/12/2022
,15/12/2022
0.092,17/12/2022
0.084,22/12/2022
0.092,27/12/2022
0.08,01/01/2023
0.086,06/01/2023
,08/01/2023
0.079,11/01/2023
,16/01/2023
0.074,16/01/2023
0.079,21/01/2023
,24/01/2023
0.072,26/01/2023
0.07,31/01/2023
,01/02/2023
0.07,05/02/2023
,07/02/2023
,09/02/2023
0.061,10/02/2023
0.075,15/02/2023
,17/02/2023
0.064,20/02/2023
,24/02/2023
,25/02/2023
0.068,25/02/2023
0.063,02/03/2023
,05/03/2023
0.069,07/03/2023
0.064,12/03/2023
,13/03/2023
0.074,17/03/2023
,21/03/2023
0.066,22/03/2023
0.07,27/03/2023
0.066,01/04/2023
,04/04/2023
,06/04/2023
0.067,06/04/2023
,14/04/2023
0.072,16/04/2023
0.067,21/04/2023
,30/04/2023
,08/05/2023
0.058,11/05/2023
,16/05/2023
0.08,16/05/2023
,18/05/2023
0.076,21/05/2023
0.083,26/05/2023
0.082,31/05/2023
0.107,05/06/2023
,09/06/2023
0.125,10/06/2023
0.168,15/06/2023
,17/06/2023
0.189,20/06/2023
0.188,25/06/2023
,03/07/2023
0.289,05/07/2023
0.379,10/07/2023
0.475,15/07/2023
,19/07/2023
0.509,20/07/2023
0.531,09/08/2023
,12/08/2023
0.377,29/08/2023
,05/09/2023
0.448,08/09/2023
,13/09/2023
0.314,13/09/2023
,15/09/2023
0.307,18/09/2023
,21/09/2023
0.225,23/09/2023
0.179,28/09/2023
,29/09/2023
0.182,03/10/2023
,12/10/2023
0.129,13/10/2023
0.117,18/10/2023
,23/10/2023
0.107,23/10/2023
,31/10/2023
0.08,02/11/2023
0.076,07/11/2023
,08/11/2023
0.084,12/11/2023
,16/11/2023
0.071,17/11/2023
,24/11/2023
0.125,12/12/2023
0.127,17/12/2023
,18/12/2023
0.083,22/12/2023
0.069,01/01/2024
0.063,06/01/2024
,16/01/2024
0.063,16/01/2024
,27/01/2024
,04/02/2024
0.07,05/02/2024
0.075,10/02/2024
,12/02/2024
0.064,15/02/2024
,20/02/2024
0.078,20/02/2024
0.066,25/02/2024
,28/02/2024
0.071,01/03/2024
0.069,06/03/2024
,07/03/2024
0.07,11/03/2024
,15/03/2024
0.063,16/03/2024
0.07,21/03/2024
,23/03/2024
0.062,26/03/2024
,31/03/2024
0.065,31/03/2024
0.064,05/04/2024
,08/04/2024
0.066,10/04/2024
0.063,15/04/2024
,16/04/2024
0.07,20/04/2024
,24/04/2024
0.065,25/04/2024
0.071,30/04/2024
,02/05/2024
0.076,05/05/2024
,10/05/2024
0.06,15/05/2024
,18/05/2024
0.073,20/05/2024
0.073,25/05/2024
,26/05/2024
0.078,30/05/2024
,03/06/2024
0.074,04/06/2024
0.086,09/06/2024
,11/06/2024
0.083,14/06/2024
0.22,29/06/2024
0.269,04/07/2024
,05/07/2024
0.321,09/07/2024
0.416,14/07/2024
,21/07/2024
,29/07/2024
0.725,29/07/2024
0.768,03/08/2024
0.783,08/08/2024
,14/08/2024
,22/08/2024
,30/08/2024
0.828,02/09/2024
0.707,17/09/2024
0.757,22/09/2024
,23/09/2024
,09/10/2024
0.564,12/10/2024
,17/10/2024
0.509,17/10/2024
0.443,22/10/2024
0.322,01/11/2024
,02/11/2024
0.305,06/11/2024
,10/11/2024
0.265,11/11/2024
0.211,16/11/2024
,18/11/2024
,26/11/2024
0.124,26/11/2024
0.1,01/12/2024
,04/12/2024
0.109,06/12/2024
0.1,11/12/2024
,12/12/2024
0.105,16/12/2024
0.067,21/12/2024
0.104,26/12/2024
,28/12/2024
0.09,31/12/2024
,13/01/2025
0.101,15/01/2025
0.086,20/01/2025
,21/01/2025
0.079,25/01/2025
0.08,30/01/2025
0.094,04/02/2025
,06/02/2025
0.074,09/02/2025
,14/02/2025
0.07,14/02/2025
,22/02/2025
0.074,24/02/2025
0.067,01/03/2025
,02/03/2025
0.068,06/03/2025
,10/03/2025
0.069,11/03/2025
0.07,16/03/2025
,18/03/2025
0.073,18/03/2025
0.07,21/03/2025
,26/03/2025
0.072,26/03/2025
,03/04/2025
0.069,05/04/2025
0.075,07/04/2025
0.069,10/04/2025
,11/04/2025
0.065,15/04/2025
,19/04/2025
0.064,20/04/2025
0.068,25/04/2025
,27/04/2025
0.072,27/04/2025
0.066,30/04/2025
,05/05/2025
0.063,10/05/2025
,13/05/2025
0.07,15/05/2025
0.073,17/05/2025
0.067,20/05/2025
,21/05/2025
,06/06/2025
0.12,06/06/2025
0.13,09/06/2025
0.32,04/07/2025
0.533,16/07/2025
0.621,19/07/2025
,24/07/2025
0.632,24/07/2025
0.694,29/07/2025
,01/08/2025
0.719,05/08/2025
0.749,08/08/2025
0.735,13/08/2025
,17/08/2025
0.744,23/08/2025
0.737,25/08/2025
0.735,28/08/2025
0.64,07/09/2025
,10/09/2025
0.619,14/09/2025
0.517,22/09/2025
0.269,02/10/2025
0.383,07/10/2025
0.332,12/10/2025
0.316,14/10/2025
0.312,17/10/2025
0.234,27/10/2025
,28/10/2025
0.192,01/11/2025
,05/11/2025
0.152,06/11/2025
0.132,11/11/2025
,13/11/2025
0.125,16/11/2025
,21/11/2025
0.116,21/11/2025
0.114,23/11/2025
0.117,26/11/2025
,29/11/2025
0.108,01/12/2025
,07/12/2025
0.098,11/12/2025
0.094,21/12/2025
,23/12/2025
0.101,26/12/2025
,31/12/2025
0.087,31/12/2025
0.177,01/01/2022
,05/01/2022
0.166,06/01/2022
0.157,16/01/2022
0.145,26/01/2022
,29/01/2022
0.149,31/01/2022
0.142,05/02/2022
,06/02/2022
0.151,10/02/2022
,14/02/2022
0.09,15/02/2022
0.133,20/02/2022
,22/02/2022
0.125,25/02/2022
,02/03/2022
0.122,02/03/2022
0.086,07/03/2022
,10/03/2022
0.118,12/03/2022
0.147,17/03/2022
,26/03/2022
0.113,27/03/2022
0.115,01/04/2022
,03/04/2022
0.106,06/04/2022
,11/04/2022
0.131,11/04/2022
,19/04/2022
,20/04/2022
,05/05/2022
0.137,06/05/2022
,13/05/2022
0.136,16/05/2022
,21/05/2022
0.135,21/05/2022
,23/05/2022
0.142,26/05/2022
0.145,31/05/2022
0.136,05/06/2022
,06/06/2022
,09/06/2022
0.136,10/06/2022
0.194,25/06/2022
,30/06/2022
0.201,30/06/2022
,08/07/2022
0.28,10/07/2022
,16/07/2022
,24/07/2022
0.459,30/07/2022
,17/08/2022
,10/09/2022
0.661,18/09/2022
0.513,03/10/2022
,04/10/2022
0.434,13/10/2022
,20/10/2022
,23/10/2022
0.341,23/10/2022
0.284,02/11/2022
,09/11/2022
,13/11/2022
,21/11/2022
0.197,22/11/2022
,26/11/2022
0.219,27/11/2022
,29/11/2022
0.154,02/12/2022
0.144,07/12/2022
,13/12/2022
,15/12/2022
0.134,17/12/2022
0.131,22/12/2022
0.14,27/12/2022
0.135,01/01/2023
0.134,06/01/2023
,08/01/2023
0.123,11/01/2023
,16/01/2023
0.123,16/01/2023
0.118,21/01/2023
,24/01/2023
0.116,26/01/2023
0.107,31/01/2023
,01/02/2023
,02/02/2023
0.11,05/02/2023
,07/02/2023
,09/02/2023
0.108,15/02/2023
,17/02/2023
0.099,20/02/2023
,24/02/2023
,25/02/2023
0.102,25/02/2023
0.094,02/03/2023
,05/03/2023
0.097,07/03/2023
0.094,12/03/2023
0.113,17/03/2023
,21/03/2023
0.097,22/03/2023
0.135,27/03/2023
0.118,01/04/2023
0.108,06/04/2023
,14/04/2023
0.151,16/04/2023
0.122,21/04/2023
,26/04/2023
,30/04/2023
0.124,01/05/2023
,08/05/2023
,18/05/2023
0.187,21/05/2023
0.221,26/05/2023
,01/06/2023
,02/06/2023
0.198,05/06/2023
0.208,10/06/2023
0.195,15/06/2023
,17/06/2023
0.179,20/06/2023
,11/07/2023
0.352,15/07/2023
,19/07/2023
0.296,20/07/2023
0.308,25/07/2023
0.347,09/08/2023
0.351,29/08/2023
0.333,03/09/2023
,05/09/2023
,15/09/2023
,21/09/2023
0.206,23/09/2023
0.18,28/09/2023
,29/09/2023
0.179,03/10/2023
,12/10/2023
0.121,18/10/2023
,23/10/2023
0.13,23/10/2023
,31/10/2023
0.107,07/11/2023
,08/11/2023
,16/11/2023
0.1,17/11/2023
,24/11/2023
0.119,12/12/2023
0.112,17/12/2023
,18/12/2023
0.103,22/12/2023
0.102,01/01/2024
0.099,06/01/2024
,16/01/2024
0.097,16/01/2024
0.098,26/01/2024
,27/01/2024
0.108,31/01/2024
,04/02/2024
0.097,05/02/2024
0.1,10/02/2024
,12/02/2024
0.097,15/02/2024
,20/02/2024
0.1,20/02/2024
0.092,25/02/2024
,28/02/2024
0.095,01/03/2024
0.091,06/03/2024
,07/03/2024
0.092,11/03/2024
,15/03/2024
,16/03/2024
0.089,16/03/2024
0.094,21/03/2024
,23/03/2024
0.081,26/03/2024
,31/03/2024
0.089,31/03/2024
,01/04/2024
0.083,05/04/2024
,08/04/2024
0.087,10/04/2024
0.086,15/04/2024
0.095,20/04/2024
,24/04/2024
0.076,25/04/2024
0.09,30/04/2024
0.093,05/05/2024
0.102,10/05/2024
0.084,15/05/2024
,18/05/2024
0.103,20/05/2024
0.109,25/05/2024
,26/05/2024
0.121,30/05/2024
,03/06/2024
0.11,04/06/2024
,11/06/2024
0.123,14/06/2024
0.282,24/06/2024
0.353,29/06/2024
0.418,04/07/2024
,05/07/2024
0.191,09/07/2024
,13/07/2024
,21/07/2024
,29/07/2024
0.352,29/07/2024
0.423,03/08/2024
0.548,13/08/2024
,14/08/2024
0.529,18/08/2024
0.406,23/08/2024
0.525,02/09/2024
,09/10/2024
0.478,12/10/2024
0.303,17/10/2024
0.479,22/10/2024
0.41,01/11/2024
,02/11/2024
0.395,06/11/2024
,10/11/2024
0.364,11/11/2024
0.356,16/11/2024
,18/11/2024
0.354,21/11/2024
,26/11/2024
0.229,26/11/2024
,27/11/2024
0.216,01/12/2024
,04/12/2024
0.22,06/12/2024
0.212,11/12/2024
,12/12/2024
0.188,26/12/2024
,28/12/2024
0.17,31/12/2024
,13/01/2025
0.173,15/01/2025
0.141,20/01/2025
,21/01/2025
0.134,25/01/2025
0.13,30/01/2025
0.141,04/02/2025
,06/02/2025
0.128,09/02/2025
,14/02/2025
,22/02/2025
0.149,24/02/2025
0.138,01/03/2025
,02/03/2025
0.136,06/03/2025
,10/03/2025
0.143,11/03/2025
0.135,16/03/2025
,18/03/2025
0.142,18/03/2025
0.137,31/03/2025
,03/04/2025
0.128,05/04/2025
0.133,07/04/2025
0.131,10/04/2025
,11/04/2025
0.115,15/04/2025
,19/04/2025
0.117,20/04/2025
0.112,25/04/2025
,27/04/2025
0.117,27/04/2025
0.114,30/04/2025
,05/05/2025
0.127,05/05/2025
,06/05/2025
0.114,15/05/2025
0.121,17/05/2025
0.141,20/05/2025
,21/05/2025
,06/06/2025
0.185,06/06/2025
0.202,09/06/2025
0.251,14/06/2025
0.31,04/07/2025
,08/07/2025
0.364,16/07/2025
0.34,19/07/2025
,24/07/2025
0.305,24/07/2025
0.344,29/07/2025
,01/08/2025
0.356,03/08/2025
0.376,05/08/2025
0.308,08/08/2025
,09/08/2025
0.404,13/08/2025
,17/08/2025
0.474,23/08/2025
,25/08/2025
0.501,25/08/2025
0.459,28/08/2025
,02/09/2025
0.424,02/09/2025
,18/09/2025
0.482,22/09/2025
0.539,27/09/2025
0.451,14/10/2025
0.476,17/10/2025
0.415,27/10/2025
,28/10/2025
0.368,01/11/2025
0.399,03/11/2025
,05/11/2025
0.335,06/11/2025
0.339,11/11/2025
,13/11/2025
0.26,16/11/2025
,21/11/2025
0.253,21/11/2025
0.259,23/11/2025
0.256,26/11/2025
,29/11/2025
0.233,01/12/2025
0.244,11/12/2025
0.249,16/12/2025
0.175,21/12/2025
,23/12/2025
0.208,26/12/2025
,31/12/2025
0.18,31/12/2025
0.115,01/01/2022
,05/01/2022
0.105,06/01/2022
,13/01/2022
0.112,16/01/2022
0.111,26/01/2022
,29/01/2022
0.114,31/01/2022
,06/02/2022
0.101,10/02/2022
,14/02/2022
0.093,15/02/2022
0.087,20/02/2022
,22/02/2022
0.077,25/02/2022
,02/03/2022
0.08,02/03/2022
0.072,07/03/2022
,10/03/2022
0.08,12/03/2022
0.087,17/03/2022
,26/03/2022
0.075,27/03/2022
0.076,01/04/2022
0.071,06/04/2022
0.089,11/04/2022
0.079,16/04/2022
,19/04/2022
0.089,21/04/2022
,27/04/2022
0.095,01/05/2022
,05/05/2022
,06/05/2022
0.095,06/05/2022
0.099,11/05/2022
,13/05/2022
0.084,16/05/2022
,21/05/2022
0.091,21/05/2022
,23/05/2022
0.084,26/05/2022
0.089,31/05/2022
0.084,05/06/2022
0.09,10/06/2022
,26/06/2022
,30/06/2022
0.196,30/06/2022
0.293,05/07/2022
0.395,10/07/2022
,24/07/2022
,30/07/2022
0.566,30/07/2022
,01/08/2022
0.588,04/08/2022
,09/08/2022
0.56,09/08/2022
0.58,14/08/2022
,17/08/2022
,25/08/2022
,10/09/2022
0.581,13/09/2022
,19/09/2022
0.298,23/09/2022
0.377,03/10/2022
,04/10/2022
,12/10/2022
0.28,13/10/2022
,23/10/2022
0.223,23/10/2022
,28/10/2022
0.183,28/10/2022
0.139,02/11/2022
,09/11/2022
0.096,12/11/2022
,13/11/2022
0.102,17/11/2022
,21/11/2022
0.095,22/11/2022
,26/11/2022
0.102,27/11/2022
0.093,02/12/2022
,07/12/2022
0.089,07/12/2022
,13/12/2022
,15/12/2022
0.091,17/12/2022
0.081,22/12/2022
0.096,27/12/2022
0.092,01/01/2023
0.091,06/01/2023
,08/01/2023
,16/01/2023
0.097,16/01/2023
0.087,21/01/2023
,24/01/2023
0.075,26/01/2023
0.075,31/01/2023
,01/02/2023
0.073,05/02/2023
,09/02/2023
0.067,10/02/2023
0.078,15/02/2023
,17/02/2023
0.067,20/02/2023
,24/02/2023
,25/02/2023
0.072,25/02/2023
0.068,02/03/2023
,05/03/2023
0.074,07/03/2023
0.071,12/03/2023
,13/03/2023
0.074,17/03/2023
,21/03/2023
0.07,22/03/2023
0.074,27/03/2023
0.069,01/04/2023
,04/04/2023
,06/04/2023
0.072,06/04/2023
,14/04/2023
0.079,16/04/2023
0.076,21/04/2023
,30/04/2023
,08/05/2023
0.073,11/05/2023
,16/05/2023
0.077,16/05/2023
,18/05/2023
0.084,21/05/2023
0.09,26/05/2023
0.089,31/05/2023
0.1,05/06/2023
,09/06/2023
0.092,10/06/2023
0.109,15/06/2023
,17/06/2023
0.117,20/06/2023
,03/07/2023
0.418,10/07/2023
,11/07/2023
0.53,15/07/2023
,19/07/2023
0.558,20/07/2023
0.575,09/08/2023
,12/08/2023
0.499,29/08/2023
0.483,03/09/2023
,13/09/2023
0.423,13/09/2023
0.39,18/09/2023
,21/09/2023
0.312,23/09/2023
0.257,28/09/2023
,29/09/2023
0.252,03/10/2023
,12/10/2023
0.18,13/10/2023
0.143,18/10/2023
0.141,23/10/2023
,31/10/2023
0.085,07/11/2023
,08/11/2023
,16/11/2023
0.085,17/11/2023
,24/11/2023
0.108,27/11/2023
0.131,12/12/2023
0.116,17/12/2023
,18/12/2023
0.113,22/12/2023
0.109,01/01/2024
0.074,06/01/2024
,16/01/2024
0.071,16/01/2024
0.085,26/01/2024
,27/01/2024
,04/02/2024
0.077,05/02/2024
0.08,10/02/2024
,12/02/2024
0.07,15/02/2024
,20/02/2024
0.082,20/02/2024
0.072,25/02/2024
,28/02/2024
0.076,01/03/2024
0.071,06/03/2024
,07/03/2024
0.073,11/03/2024
,15/03/2024
0.067,16/03/2024
0.074,21/03/2024
,23/03/2024
0.065,26/03/2024
,31/03/2024
0.07,31/03/2024
,08/04/2024
0.07,10/04/2024
0.067,15/04/2024
,16/04/2024
0.074,20/04/2024
,24/04/2024
0.067,25/04/2024
0.074,30/04/2024
,02/05/2024
0.071,05/05/2024
,10/05/2024
0.081,10/05/2024
,18/05/2024
0.072,20/05/2024
0.07,25/05/2024
,26/05/2024
0.083,30/05/2024
,03/06/2024
0.079,04/06/2024
0.082,09/06/2024
,11/06/2024
0.071,14/06/2024
0.113,04/07/2024
,05/07/2024
0.135,09/07/2024
0.139,14/07/2024
,21/07/2024
,29/07/2024
0.311,29/07/2024
0.321,03/08/2024
0.437,08/08/2024
0.522,13/08/2024
,14/08/2024
0.537,18/08/2024
,22/08/2024
0.583,28/08/2024
,30/08/2024
,15/09/2024
0.548,22/09/2024
,23/09/2024
,09/10/2024
0.448,12/10/2024
,17/10/2024
0.436,17/10/2024
0.431,22/10/2024
,25/10/2024
0.287,01/11/2024
,02/11/2024
0.351,06/11/2024
,10/11/2024
0.336,11/11/2024
0.298,16/11/2024
,18/11/2024
0.318,21/11/2024
,26/11/2024
0.179,26/11/2024
0.149,01/12/2024
,04/12/2024
0.145,06/12/2024
0.124,11/12/2024
,12/12/2024
0.118,16/12/2024
0.114,26/12/2024
,28/12/2024
0.094,31/12/2024
,13/01/2025
0.11,15/01/2025
0.086,20/01/2025
,21/01/2025
0.077,25/01/2025
0.067,30/01/2025
0.075,04/02/2025
,06/02/2025
0.064,09/02/2025
,14/02/2025
0.06,14/02/2025
,22/02/2025
0.061,24/02/2025
0.078,01/03/2025
,02/03/2025
0.077,06/03/2025
,10/03/2025
0.079,11/03/2025
0.077,16/03/2025
,18/03/2025
0.082,18/03/2025
0.081,21/03/2025
0.082,26/03/2025
,03/04/2025
0.076,05/04/2025
0.083,07/04/2025
0.075,10/04/2025
,11/04/2025
0.071,15/04/2025
,19/04/2025
0.071,20/04/2025
0.072,25/04/2025
,27/04/2025
0.08,27/04/2025
0.074,30/04/2025
0.073,15/05/2025
0.075,17/05/2025
0.069,20/05/2025
,21/05/2025
0.073,30/05/2025
,06/06/2025
0.106,06/06/2025
0.113,09/06/2025
0.321,04/07/2025
0.216,14/07/2025
,16/07/2025
0.239,16/07/2025
0.215,19/07/2025
,24/07/2025
0.232,24/07/2025
0.225,29/07/2025
,01/08/2025
0.254,03/08/2025
0.288,05/08/2025
0.344,08/08/2025
0.357,13/08/2025
,17/08/2025
0.517,23/08/2025
0.55,28/08/2025
0.588,07/09/2025
0.618,14/09/2025
0.574,22/09/2025
0.655,27/09/2025
0.441,02/10/2025
0.524,14/10/2025
0.499,17/10/2025
0.388,27/10/2025
,28/10/2025
0.35,01/11/2025
,05/11/2025
0.315,06/11/2025
0.307,11/11/2025
,13/11/2025
0.27,16/11/2025
,21/11/2025
0.195,21/11/2025
0.19,23/11/2025
0.189,26/11/2025
0.161,01/12/2025
,07/12/2025
0.152,11/12/2025
0.116,21/12/2025
,23/12/2025
0.167,26/12/2025
,31/12/2025
0.102,31/12/2025
0.145,01/01/2022
,05/01/2022
0.142,06/01/2022
,13/01/2022
0.151,16/01/2022
0.142,21/01/2022
0.149,26/01/2022
,29/01/2022
0.156,31/01/2022
0.163,10/02/2022
,22/02/2022
0.152,25/02/2022
,02/03/2022
0.145,02/03/2022
,10/03/2022
0.139,12/03/2022
0.14,17/03/2022
,26/03/2022
0.122,27/03/2022
0.123,01/04/2022
0.116,06/04/2022
0.109,16/04/2022
,19/04/2022
,05/05/2022
,06/05/2022
0.123,06/05/2022
,13/05/2022
0.121,16/05/2022
,21/05/2022
,23/05/2022
0.137,26/05/2022
0.121,05/06/2022
,06/06/2022
0.123,10/06/2022
,26/06/2022
,30/06/2022
0.162,30/06/2022
,08/07/2022
0.262,10/07/2022
,16/07/2022
0.388,20/07/2022
0.35,25/07/2022
,30/07/2022
0.45,30/07/2022
,09/08/2022
0.489,24/08/2022
,10/09/2022
0.482,13/09/2022
,19/09/2022
0.401,03/10/2022
,12/10/2022
0.346,13/10/2022
,23/10/2022
0.33,23/10/2022
0.288,02/11/2022
0.157,12/11/2022
,21/11/2022
0.192,22/11/2022
,26/11/2022
0.156,02/12/2022
,07/12/2022
0.14,07/12/2022
,13/12/2022
,15/12/2022
0.132,17/12/2022
0.131,22/12/2022
0.122,27/12/2022
0.071,01/01/2023
0.113,06/01/2023
,08/01/2023
0.085,11/01/2023
,16/01/2023
0.114,16/01/2023
0.108,21/01/2023
,24/01/2023
0.113,26/01/2023
0.102,31/01/2023
,01/02/2023
0.107,05/02/2023
,07/02/2023
,09/02/2023
0.115,10/02/2023
0.106,15/02/2023
,17/02/2023
0.1,20/02/2023
,24/02/2023
,25/02/2023
0.104,25/02/2023
0.099,02/03/2023
0.112,07/03/2023
0.099,12/03/2023
,13/03/2023
0.108,17/03/2023
,21/03/2023
0.099,22/03/2023
0.106,27/03/2023
0.097,01/04/2023
,04/04/2023
,06/04/2023
0.1,06/04/2023
0.093,16/04/2023
0.097,21/04/2023
,26/04/2023
,30/04/2023
0.095,01/05/2023
,08/05/2023
0.105,11/05/2023
,18/05/2023
0.126,21/05/2023
0.146,31/05/2023
,01/06/2023
0.125,05/06/2023
0.123,10/06/2023
0.127,15/06/2023
,17/06/2023
0.125,20/06/2023
,11/07/2023
0.22,15/07/2023
,19/07/2023
0.258,20/07/2023
,28/07/2023
0.406,09/08/2023
,12/08/2023
0.457,29/08/2023
0.247,03/09/2023
,05/09/2023
0.389,08/09/2023
,13/09/2023
0.338,13/09/2023
,15/09/2023
0.314,18/09/2023
,21/09/2023
0.278,23/09/2023
,29/09/2023
0.215,03/10/2023
,12/10/2023
0.185,13/10/2023
0.154,18/10/2023
0.175,23/10/2023
,31/10/2023
0.184,02/11/2023
0.162,07/11/2023
,08/11/2023
,16/11/2023
0.14,17/11/2023
,24/11/2023
0.122,07/12/2023
0.127,12/12/2023
0.13,17/12/2023
0.132,22/12/2023
0.147,01/01/2024
,03/01/2024
0.158,06/01/2024
,16/01/2024
0.203,16/01/2024
0.253,26/01/2024
,27/01/2024
,04/02/2024
0.275,05/02/2024
0.264,10/02/2024
0.255,15/02/2024
,20/02/2024
0.263,20/02/2024
0.229,25/02/2024
,28/02/2024
0.223,01/03/2024
0.214,06/03/2024
,07/03/2024
0.201,11/03/2024
,15/03/2024
0.183,16/03/2024
0.181,21/03/2024
,23/03/2024
0.155,26/03/2024
,31/03/2024
0.151,31/03/2024
0.136,05/04/2024
,08/04/2024
0.135,10/04/2024
0.13,15/04/2024
,16/04/2024
0.15,20/04/2024
,24/04/2024
0.105,05/05/2024
,18/05/2024
0.112,20/05/2024
0.111,25/05/2024
,26/05/2024
0.115,30/05/2024
,03/06/2024
0.112,04/06/2024
0.115,09/06/2024
,11/06/2024
0.199,04/07/2024
,05/07/2024
,29/07/2024
0.646,29/07/2024
0.688,03/08/2024
,06/08/2024
0.797,13/08/2024
,14/08/2024
0.649,23/08/2024
0.771,02/09/2024
0.63,22/09/2024
,09/10/2024
0.458,12/10/2024
0.41,22/10/2024
,25/10/2024
0.338,01/11/2024
0.255,06/11/2024
,10/11/2024
0.33,11/11/2024
0.338,16/11/2024
,18/11/2024
0.253,26/11/2024
0.241,01/12/2024
,04/12/2024
0.242,06/12/2024
0.267,11/12/2024
,12/12/2024
0.238,16/12/2024
0.139,26/12/2024
,28/12/2024
0.199,31/12/2024
0.244,10/01/2025
,13/01/2025
0.221,15/01/2025
0.219,20/01/2025
,21/01/2025
0.212,25/01/2025
0.21,30/01/2025
,06/02/2025
0.192,09/02/2025
0.188,14/02/2025
0.173,24/02/2025
0.119,01/03/2025
0.112,06/03/2025
,10/03/2025
0.106,11/03/2025
0.1,16/03/2025
,18/03/2025
0.105,18/03/2025
0.106,21/03/2025
0.108,26/03/2025
0.1,31/03/2025
,03/04/2025
0.093,05/04/2025
0.1,07/04/2025
0.094,10/04/2025
,11/04/2025
0.081,15/04/2025
,19/04/2025
0.094,20/04/2025
0.1,25/04/2025
,27/04/2025
0.088,27/04/2025
0.079,15/05/2025
0.096,20/05/2025
,21/05/2025
0.117,25/05/2025
,06/06/2025
0.141,06/06/2025
0.136,09/06/2025
0.209,14/06/2025
0.334,04/07/2025
0.215,14/07/2025
0.247,16/07/2025
0.339,29/07/2025
0.371,03/08/2025
0.469,08/08/2025
0.486,13/08/2025
,17/08/2025
0.534,23/08/2025
,25/08/2025
0.569,28/08/2025
0.593,14/09/2025
0.624,17/09/2025
0.544,22/09/2025
0.533,27/09/2025
,12/10/2025
0.456,14/10/2025
0.44,17/10/2025
0.399,27/10/2025
,28/10/2025
0.368,03/11/2025
,05/11/2025
0.327,06/11/2025
0.366,11/11/2025
,13/11/2025
0.27,16/11/2025
,21/11/2025
0.237,21/11/2025
0.237,23/11/2025
0.231,26/11/2025
,29/11/2025
0.199,01/12/2025
0.178,11/12/2025
0.149,16/12/2025
,23/12/2025
0.137,26/12/2025
,31/12/2025
0.133,31/12/2025
0.176,01/01/2022
,05/01/2022
0.166,06/01/2022
0.147,16/01/2022
0.141,26/01/2022
,29/01/2022
0.145,31/01/2022
0.129,05/02/2022
,06/02/2022
0.133,10/02/2022
,14/02/2022
0.133,15/02/2022
0.116,20/02/2022
,22/02/2022
0.082,25/02/2022
0.098,02/03/2022
,02/03/2022
0.082,07/03/2022
,10/03/2022
0.1,12/03/2022
0.12,17/03/2022
,26/03/2022
0.102,27/03/2022
0.101,01/04/2022
,03/04/2022
0.101,06/04/2022
0.144,11/04/2022
0.128,16/04/2022
,19/04/2022
0.104,21/04/2022
,27/04/2022
,05/05/2022
0.206,06/05/2022
,13/05/2022
0.196,16/05/2022
0.172,21/05/2022
,21/05/2022
,23/05/2022
0.197,26/05/2022
0.172,05/06/2022
,06/06/2022
,09/06/2022
0.175,10/06/2022
0.261,25/06/2022
,26/06/2022
0.255,30/06/2022
,30/06/2022
,08/07/2022
0.369,10/07/2022
,16/07/2022
,24/07/2022
,30/07/2022
,09/08/2022
,10/09/2022
,18/09/2022
,03/10/2022
,12/10/2022
,13/10/2022
,20/10/2022
,23/10/2022
,23/10/2022
,02/11/2022
,09/11/2022
,13/11/2022
,17/11/2022
,21/11/2022
,22/11/2022
,26/11/2022
,27/11/2022
,29/11/2022
,02/12/2022
,07/12/2022
,13/12/2022
,15/12/2022
,17/12/2022
,22/12/2022
,27/12/2022
,01/01/2023
,06/01/2023
,08/01/2023
,11/01/2023
,16/01/2023
,16/01/2023
,21/01/2023
,24/01/2023
,26/01/2023
,31/01/2023
,01/02/2023
,02/02/2023
,05/02/2023
,09/02/2023
,10/02/2023
,10/02/2023
,15/02/2023
,17/02/2023
,20/02/2023
,24/02/2023
,25/02/2023
,25/02/2023
,02/03/2023
,05/03/2023
,07/03/2023
,12/03/2023
,13/03/2023
,17/03/2023
,21/03/2023
,22/03/2023
,27/03/2023
,01/04/2023
,04/04/2023
,14/04/2023
,16/04/2023
,21/04/2023
,26/04/2023
,30/04/2023
,01/05/2023
,08/05/2023
,18/05/2023
,21/05/2023
,26/05/2023
,01/06/2023
,05/06/2023
,10/06/2023
,15/06/2023
,17/06/2023
,20/06/2023
,11/07/2023
,15/07/2023
,19/07/2023
,20/07/2023
,09/08/2023
,12/08/2023
,28/08/2023
,29/08/2023
,03/09/2023
,05/09/2023
,08/09/2023
,13/09/2023
,13/09/2023
,15/09/2023
,21/09/2023
,23/09/2023
,28/09/2023
,29/09/2023
,03/10/2023
,12/10/2023
,18/10/2023
,23/10/2023
,31/10/2023
,07/11/2023
,08/11/2023
,16/11/2023
,17/11/2023
,24/11/2023
,12/12/2023
,17/12/2023
,18/12/2023
,22/12/2023
,01/01/2024
,06/01/2024
,16/01/2024
,26/01/2024
,27/01/2024
,31/01/2024
,04/02/2024
,05/02/2024
,10/02/2024
,12/02/2024
,15/02/2024
,20/02/2024
,20/02/2024
,21/02/2024
,25/02/2024
,28/02/2024
,01/03/2024
,06/03/2024
,07/03/2024
,11/03/2024
,15/03/2024
,16/03/2024
,16/03/2024
,21/03/2024
,23/03/2024
,26/03/2024
,31/03/2024
,31/03/2024
,01/04/2024
,05/04/2024
,08/04/2024
,10/04/2024
,20/04/2024
,24/04/2024
,25/04/2024
,30/04/2024
,05/05/2024
,10/05/2024
,15/05/2024
,18/05/2024
,20/05/2024
,25/05/2024
,26/05/2024
,30/05/2024
,03/06/2024
,04/06/2024
,09/06/2024
,11/06/2024
,24/06/2024
,29/06/2024
,04/07/2024
,05/07/2024
,13/07/2024
,21/07/2024
,29/07/2024
,29/07/2024
,03/08/2024
,06/08/2024
,13/08/2024
,14/08/2024
,18/08/2024
,23/08/2024
,02/09/2024
,17/09/2024
,22/09/2024
,23/09/2024
,09/10/2024
,12/10/2024
,22/10/2024
,01/11/2024
,02/11/2024
,06/11/2024
,10/11/2024
,11/11/2024
,16/11/2024
,18/11/2024
,21/11/2024
,26/11/2024
,26/11/2024
,27/11/2024
,01/12/2024
,04/12/2024
,06/12/2024
,11/12/2024
,12/12/2024
,26/12/2024
,28/12/2024
,31/12/2024
,10/01/2025
,13/01/2025
,15/01/2025
,21/01/2025
,25/01/2025
,29/01/2025
,30/01/2025
,04/02/2025
,06/02/2025
,09/02/2025
,14/02/2025
,14/02/2025
,22/02/2025
,24/02/2025
,01/03/2025
,02/03/2025
,06/03/2025
,10/03/2025
,11/03/2025
,16/03/2025
,18/03/2025
,18/03/2025
,03/04/2025
,05/04/2025
,07/04/2025
,10/04/2025
,11/04/2025
,15/04/2025
,19/04/2025
,20/04/2025
,25/04/2025
,27/04/2025
,27/04/2025
,30/04/2025
,05/05/2025
,05/05/2025
,15/05/2025
,17/05/2025
,20/05/2025
,21/05/2025
,06/06/2025
,06/06/2025
,09/06/2025
,04/07/2025
,08/07/2025
,14/07/2025
,16/07/2025
,24/07/2025
,24/07/2025
,29/07/2025
,01/08/2025
,03/08/2025
,05/08/2025
,13/08/2025
,17/08/2025
,25/08/2025
,25/08/2025
,28/08/2025
,02/09/2025
,17/09/2025
,18/09/2025
,22/09/2025
,27/09/2025
,12/10/2025
,14/10/2025
,17/10/2025
,27/10/2025
,28/10/2025
,01/11/2025
,03/11/2025
,06/11/2025
,11/11/2025
,13/11/2025
,16/11/2025
,21/11/2025
,21/11/2025
,23/11/2025
,26/11/2025
,29/11/2025
,01/12/2025
,07/12/2025
,11/12/2025
,16/12/2025
,21/12/2025
,23/12/2025
,26/12/2025
,31/12/2025
,31/12/2025
,01/01/2022
,05/01/2022
,06/01/2022
,16/01/2022
,26/01/2022
,29/01/2022
,31/01/2022
,05/02/2022
,06/02/2022
,10/02/2022
,14/02/2022
,15/02/2022
,20/02/2022
,22/02/2022
,25/02/2022
,02/03/2022
,02/03/2022
,07/03/2022
,10/03/2022
,12/03/2022
,17/03/2022
,26/03/2022
,27/03/2022
,01/04/2022
,03/04/2022
,06/04/2022
,11/04/2022
,11/04/2022
,19/04/2022
,20/04/2022
,05/05/2022
,06/05/2022
,13/05/2022
,16/05/2022
,21/05/2022
,21/05/2022
,23/05/2022
,26/05/2022
,31/05/2022
,05/06/2022
,06/06/2022
,10/06/2022
,25/06/2022
,26/06/2022
,30/06/2022
,30/06/2022
,08/07/2022
,10/07/2022
,16/07/2022
,20/07/2022
,30/07/2022
,24/08/2022
,10/09/2022
,18/09/2022
,03/10/2022
,04/10/2022
,13/10/2022
,20/10/2022
,23/10/2022
,28/10/2022
,02/11/2022
,12/11/2022
,13/11/2022
,17/11/2022
,21/11/2022
,22/11/2022
,26/11/2022
,27/11/2022
,29/11/2022
,02/12/2022
,07/12/2022
,15/12/2022
,17/12/2022
,22/12/2022
,27/12/2022
,01/01/2023
,06/01/2023
,08/01/2023
,11/01/2023
,16/01/2023
,16/01/2023
,21/01/2023
,24/01/2023
,26/01/2023
,31/01/2023
,01/02/2023
,02/02/2023
,05/02/2023
,07/02/2023
,09/02/2023
,15/02/2023
,17/02/2023
,20/02/2023
,24/02/2023
,25/02/2023
,25/02/2023
,02/03/2023
,05/03/2023
,07/03/2023
,12/03/2023
,13/03/2023
,17/03/2023
,21/03/2023
,22/03/2023
,27/03/2023
,01/04/2023
,04/04/2023
,06/04/2023
,14/04/2023
,16/04/2023
,21/04/2023
,30/04/2023
,01/05/2023
,08/05/2023
,18/05/2023
,21/05/2023
,26/05/2023
,31/05/2023
,01/06/2023
,02/06/2023
,05/06/2023
,10/06/2023
,15/06/2023
,17/06/2023
,20/06/2023
,11/07/2023
,15/07/2023
,19/07/2023
,20/07/2023
,25/07/2023
,09/08/2023
,29/08/2023
,03/09/2023
,05/09/2023
,08/09/2023
,13/09/2023
,15/09/2023
,21/09/2023
,23/09/2023
,28/09/2023
,29/09/2023
,03/10/2023
,12/10/2023
,18/10/2023
,23/10/2023
,23/10/2023
,31/10/2023
,07/11/2023
,08/11/2023
,16/11/2023
,17/11/2023
,24/11/2023
,12/12/2023
,17/12/2023
,18/12/2023
,22/12/2023
,01/01/2024
,06/01/2024
,16/01/2024
,16/01/2024
,26/01/2024
,27/01/2024
,31/01/2024
,04/02/2024
,05/02/2024
,05/02/2024
,10/02/2024
,12/02/2024
,15/02/2024
,20/02/2024
,20/02/2024
,21/02/2024
,25/02/2024
,28/02/2024
,01/03/2024
,06/03/2024
,07/03/2024
,11/03/2024
,15/03/2024
,16/03/2024
,16/03/2024
,21/03/2024
,23/03/2024
,26/03/2024
,31/03/2024
,31/03/2024
,01/04/2024
,05/04/2024
,08/04/2024
,10/04/2024
,15/04/2024
,17/04/2024
,20/04/2024
,24/04/2024
,25/04/2024
,25/04/2024
,30/04/2024
,05/05/2024
,10/05/2024
,15/05/2024
,18/05/2024
,20/05/2024
,25/05/2024
,26/05/2024
,30/05/2024
,03/06/2024
,04/06/2024
,11/06/2024
,14/06/2024
,24/06/2024
,29/06/2024
,04/07/2024
,05/07/2024
,06/07/2024
,09/07/2024
,13/07/2024
,29/07/2024
,29/07/2024
,03/08/2024
,13/08/2024
,14/08/2024
,18/08/2024
,02/09/2024
,09/10/2024
,12/10/2024
,22/10/2024
,01/11/2024
,02/11/2024
,06/11/2024
,10/11/2024
,11/11/2024
,16/11/2024
,18/11/2024
,21/11/2024
,26/11/2024
,26/11/2024
,27/11/2024
,01/12/2024
,04/12/2024
,06/12/2024
,11/12/2024
,12/12/2024
,26/12/2024
,28/12/2024
,31/12/2024
,13/01/2025
,15/01/2025
,20/01/2025
,21/01/2025
,25/01/2025
,30/01/2025
,04/02/2025
,06/02/2025
,07/02/2025
,09/02/2025
,14/02/2025
,22/02/2025
,24/02/2025
,01/03/2025
,02/03/2025
,06/03/2025
,10/03/2025
,11/03/2025
,16/03/2025
,18/03/2025
,18/03/2025
,21/03/2025
,31/03/2025
,03/04/2025
,05/04/2025
,07/04/2025
,10/04/2025
,11/04/2025
,15/04/2025
,19/04/2025
,20/04/2025
,20/04/2025
,25/04/2025
,27/04/2025
,27/04/2025
,30/04/2025
,05/05/2025
,05/05/2025
,06/05/2025
,13/05/2025
,15/05/2025
,17/05/2025
,20/05/2025
,21/05/2025
,06/06/2025
,06/06/2025
,14/06/2025
,04/07/2025
,08/07/2025
,14/07/2025
,16/07/2025
,19/07/2025
,24/07/2025
,24/07/2025
,29/07/2025
,01/08/2025
,03/08/2025
,05/08/2025
,08/08/2025
,09/08/2025
,13/08/2025
,23/08/2025
,25/08/2025
,25/08/2025
,28/08/2025
,02/09/2025
,18/09/2025
,22/09/2025
,27/09/2025
,12/10/2025
,14/10/2025
,17/10/2025
,27/10/2025
,28/10/2025
,01/11/2025
,03/11/2025
,05/11/2025
,06/11/2025
,11/11/2025
,13/11/2025
,16/11/2025
,21/11/2025
,21/11/2025
,23/11/2025
,26/11/2025
,29/11/2025
,01/12/2025
,11/12/2025
,16/12/2025
,21/12/2025
,23/12/2025
,26/12/2025
,31/12/2025
,31/12/2025
,01/01/2022
,05/01/2022
,06/01/2022
,06/01/2022
,13/01/2022
,14/01/2022
,16/01/2022
,26/01/2022
,31/01/2022
,05/02/2022
,10/02/2022
,25/02/2022
,02/03/2022
,02/03/2022
,03/03/2022
,07/03/2022
,10/03/2022
,11/03/2022
,17/03/2022
,26/03/2022
,27/03/2022
,27/03/2022
,01/04/2022
,04/04/2022
,06/04/2022
,16/04/2022
,19/04/2022
,20/04/2022
,27/04/2022
,28/04/2022
,05/05/2022
,06/05/2022
,13/05/2022
,14/05/2022
,16/05/2022
,21/05/2022
,21/05/2022
,23/05/2022
,05/06/2022
,06/06/2022
,10/06/2022
,25/06/2022
,30/06/2022
,30/06/2022
,05/07/2022
,08/07/2022
,09/07/2022
,10/07/2022
,17/07/2022
,30/07/2022
,02/08/2022
,09/08/2022
,09/08/2022
,17/08/2022
,18/08/2022
,24/08/2022
,25/08/2022
,10/09/2022
,11/09/2022
,03/10/2022
,13/10/2022
,13/10/2022
,23/10/2022
,28/10/2022
,02/11/2022
,06/11/2022
,22/11/2022
,22/11/2022
,26/11/2022
,27/11/2022
,30/11/2022
,02/12/2022
,07/12/2022
,08/12/2022
,13/12/2022
,15/12/2022
,16/12/2022
,17/12/2022
,22/12/2022
,27/12/2022
,01/01/2023
,06/01/2023
,08/01/2023
,09/01/2023
,11/01/2023
,16/01/2023
,16/01/2023
,17/01/2023
,21/01/2023
,24/01/2023
,25/01/2023
,26/01/2023
,31/01/2023
,01/02/2023
,02/02/2023
,05/02/2023
,07/02/2023
,10/02/2023
,15/02/2023
,18/02/2023
,20/02/2023
,24/02/2023
,25/02/2023
,25/02/2023
,02/03/2023
,05/03/2023
,06/03/2023
,07/03/2023
,12/03/2023
,13/03/2023
,14/03/2023
,17/03/2023
,21/03/2023
,22/03/2023
,22/03/2023
,27/03/2023
,01/04/2023
,04/04/2023
,14/04/2023
,15/04/2023
,16/04/2023
,21/04/2023
,30/04/2023
,01/05/2023
,01/05/2023
,08/05/2023
,09/05/2023
,11/05/2023
,16/05/2023
,17/05/2023
,18/05/2023
,21/05/2023
,25/05/2023
,26/05/2023
,01/06/2023
,05/06/2023
,10/06/2023
,10/06/2023
,15/06/2023
,17/06/2023
,18/06/2023
,20/06/2023
,03/07/2023
,11/07/2023
,12/07/2023
,15/07/2023
,19/07/2023
,20/07/2023
,20/07/2023
,09/08/2023
,13/08/2023
,28/08/2023
,29/08/2023
,29/08/2023
,03/09/2023
,05/09/2023
,06/09/2023
,13/09/2023
,13/09/2023
,14/09/2023
,21/09/2023
,22/09/2023
,23/09/2023
,28/09/2023
,29/09/2023
,30/09/2023
,03/10/2023
,12/10/2023
,18/10/2023
,23/10/2023
,24/10/2023
,31/10/2023
,08/11/2023
,09/11/2023
,16/11/2023
,17/11/2023
,17/11/2023
,25/11/2023
,12/12/2023
,17/12/2023
,22/12/2023
,01/01/2024
,06/01/2024
,16/01/2024
,26/01/2024
,27/01/2024
,31/01/2024
,04/02/2024
,05/02/2024
,05/02/2024
,10/02/2024
,15/02/2024
,20/02/2024
,20/02/2024
,25/02/2024
,29/02/2024
,01/03/2024
,06/03/2024
,07/03/2024
,08/03/2024
,11/03/2024
,15/03/2024
,16/03/2024
,16/03/2024
,21/03/2024
,23/03/2024
,24/03/2024
,26/03/2024
,31/03/2024
,31/03/2024
,01/04/2024
,05/04/2024
,10/04/2024
,15/04/2024
,17/04/2024
,20/04/2024
,24/04/2024
,25/04/2024
,25/04/2024
,03/05/2024
,05/05/2024
,10/05/2024
,11/05/2024
,15/05/2024
,18/05/2024
,19/05/2024
,20/05/2024
,25/05/2024
,26/05/2024
,27/05/2024
,30/05/2024
,03/06/2024
,04/06/2024
,04/06/2024
,11/06/2024
,12/06/2024
,14/06/2024
,24/06/2024
,29/06/2024
,04/07/2024
,05/07/2024
,06/07/2024
,21/07/2024
,29/07/2024
,29/07/2024
,03/08/2024
,07/08/2024
,13/08/2024
,14/08/2024
,15/08/2024
,18/08/2024
,23/08/2024
,31/08/2024
,02/09/2024
,17/09/2024
,22/09/2024
,09/10/2024
,10/10/2024
,12/10/2024
,22/10/2024
,01/11/2024
,02/11/2024
,03/11/2024
,06/11/2024
,10/11/2024
,11/11/2024
,11/11/2024
,18/11/2024
,26/11/2024
,27/11/2024
,01/12/2024
,04/12/2024
,05/12/2024
,06/12/2024
,12/12/2024
,13/12/2024
,16/12/2024
,26/12/2024
,29/12/2024
,31/12/2024
,10/01/2025
,13/01/2025
,14/01/2025
,15/01/2025
,20/01/2025
,21/01/2025
,22/01/2025
,25/01/2025
,04/02/2025
,06/02/2025
,07/02/2025
,09/02/2025
,14/02/2025
,14/02/2025
,22/02/2025
,23/02/2025
,24/02/2025
,01/03/2025
,02/03/2025
,03/03/2025
,06/03/2025
,10/03/2025
,11/03/2025
,11/03/2025
,16/03/2025
,18/03/2025
,18/03/2025
,19/03/2025
,31/03/2025
,03/04/2025
,04/04/2025
,05/04/2025
,07/04/2025
,10/04/2025
,11/04/2025
,15/04/2025
,19/04/2025
,20/04/2025
,20/04/2025
,25/04/2025
,27/04/2025
,27/04/2025
,28/04/2025
,05/05/2025
,05/05/2025
,14/05/2025
,15/05/2025
,17/05/2025
,20/05/2025
,21/05/2025
,22/05/2025
,04/06/2025
,06/06/2025
,06/06/2025
,07/06/2025
,09/06/2025
,04/07/2025
,08/07/2025
,16/07/2025
,16/07/2025
,17/07/2025
,19/07/2025
,24/07/2025
,24/07/2025
,29/07/2025
,01/08/2025
,02/08/2025
,03/08/2025
,05/08/2025
,08/08/2025
,09/08/2025
,13/08/2025
,17/08/2025
,18/08/2025
,25/08/2025
,26/08/2025
,28/08/2025
,03/09/2025
,14/09/2025
,18/09/2025
,19/09/2025
,22/09/2025
,07/10/2025
,12/10/2025
,13/10/2025
,14/10/2025
,27/10/2025
,28/10/2025
,01/11/2025
,03/11/2025
,06/11/2025
,06/11/2025
,11/11/2025
,13/11/2025
,14/11/2025
,16/11/2025
,21/11/2025
,21/11/2025
,22/11/2025
,23/11/2025
,26/11/2025
,29/11/2025
,30/11/2025
,01/12/2025
,16/12/2025
,16/12/2025
,23/12/2025
,24/12/2025
,31/12/2025
,31/12/2025
,01/01/2022
,05/01/2022
,06/01/2022
,13/01/2022
,16/01/2022
,26/01/2022
,29/01/2022
,31/01/2022
,06/02/2022
,10/02/2022
,14/02/2022
,15/02/2022
,20/02/2022
,22/02/2022
,25/02/2022
,02/03/2022
,02/03/2022
,07/03/2022
,10/03/2022
,12/03/2022
,17/03/2022
,26/03/2022
,27/03/2022
,01/04/2022
,06/04/2022
,11/04/2022
,11/04/2022
,16/04/2022
,19/04/2022
,21/04/2022
,01/05/2022
,05/05/2022
,06/05/2022
,06/05/2022
,13/05/2022
,16/05/2022
,21/05/2022
,23/05/2022
,26/05/2022
,05/06/2022
,06/06/2022
,10/06/2022
,26/06/2022
,30/06/2022
,30/06/2022
,05/07/2022
,10/07/2022
,13/07/2022
,20/07/2022
,30/07/2022
,30/07/2022
,04/08/2022
,09/08/2022
,24/08/2022
,10/09/2022
,13/09/2022
,03/10/2022
,12/10/2022
,13/10/2022
,23/10/2022
,02/11/2022
,13/11/2022
,17/11/2022
,22/11/2022
,26/11/2022
,27/11/2022
,29/11/2022
,02/12/2022
,07/12/2022
,07/12/2022
,13/12/2022
,15/12/2022
,17/12/2022
,22/12/2022
,27/12/2022
,01/01/2023
,06/01/2023
,08/01/2023
,11/01/2023
,16/01/2023
,16/01/2023
,21/01/2023
,24/01/2023
,26/01/2023
,31/01/2023
,01/02/2023
,05/02/2023
,07/02/2023
,09/02/2023
,10/02/2023
,15/02/2023
,17/02/2023
,20/02/2023
,24/02/2023
,25/02/2023
,25/02/2023
,02/03/2023
,07/03/2023
,12/03/2023
,13/03/2023
,17/03/2023
,21/03/2023
,22/03/2023
,27/03/2023
,01/04/2023
,04/04/2023
,06/04/2023
,06/04/2023
,14/04/2023
,16/04/2023
,21/04/2023
,26/04/2023
,30/04/2023
,01/05/2023
,08/05/2023
,11/05/2023
,16/05/2023
,18/05/2023
,21/05/2023
,31/05/2023
,01/06/2023
,10/06/2023
,15/06/2023
,17/06/2023
,20/06/2023
,05/07/2023
,10/07/2023
,11/07/2023
,15/07/2023
,19/07/2023
,20/07/2023
,28/07/2023
,09/08/2023
,12/08/2023
,29/08/2023
,05/09/2023
,08/09/2023
,13/09/2023
,13/09/2023
,15/09/2023
,18/09/2023
,21/09/2023
,23/09/2023
,29/09/2023
,12/10/2023
,13/10/2023
,18/10/2023
,23/10/2023
,31/10/2023
,02/11/2023
,07/11/2023
,08/11/2023
,16/11/2023
,17/11/2023
,24/11/2023
,07/12/2023
,12/12/2023
,17/12/2023
,22/12/2023
,01/01/2024
,03/01/2024
,06/01/2024
,16/01/2024
,16/01/2024
,26/01/2024
,27/01/2024
,04/02/2024
,05/02/2024
,10/02/2024
,12/02/2024
,15/02/2024
,20/02/2024
,20/02/2024
,25/02/2024
,28/02/2024
,01/03/2024
,06/03/2024
,07/03/2024
,11/03/2024
,15/03/2024
,16/03/2024
,21/03/2024
,23/03/2024
,26/03/2024
,31/03/2024
,31/03/2024
,05/04/2024
,08/04/2024
,10/04/2024
,15/04/2024
,16/04/2024
,20/04/2024
,24/04/2024
,25/04/2024
,05/05/2024
,15/05/2024
,18/05/2024
,20/05/2024
,25/05/2024
,26/05/2024
,30/05/2024
,03/06/2024
,04/06/2024
,11/06/2024
,14/06/2024
,27/06/2024
,29/06/2024
,04/07/2024
,05/07/2024
,13/07/2024
,21/07/2024
,29/07/2024
,29/07/2024
,13/08/2024
,30/08/2024
,02/09/2024
,22/09/2024
,02/10/2024
,09/10/2024
,12/10/2024
,22/10/2024
,25/10/2024
,02/11/2024
,06/11/2024
,10/11/2024
,11/11/2024
,16/11/2024
,18/11/2024
,26/11/2024
,26/11/2024
,01/12/2024
,04/12/2024
,06/12/2024
,11/12/2024
,12/12/2024
,16/12/2024
,21/12/2024
,26/12/2024
,28/12/2024
,31/12/2024
,13/01/2025
,15/01/2025
,20/01/2025
,21/01/2025
,25/01/2025
,30/01/2025
,04/02/2025
,06/02/2025
,09/02/2025
,14/02/2025
,14/02/2025
,22/02/2025
,24/02/2025
,01/03/2025
,02/03/2025
,10/03/2025
,11/03/2025
,16/03/2025
,18/03/2025
,18/03/2025
,26/03/2025
,31/03/2025
,03/04/2025
,05/04/2025
,07/04/2025
,10/04/2025
,11/04/2025
,15/04/2025
,19/04/2025
,20/04/2025
,25/04/2025
,27/04/2025
,27/04/2025
,30/04/2025
,13/05/2025
,15/05/2025
,17/05/2025
,20/05/2025
,21/05/2025
,04/06/2025
,06/06/2025
,06/06/2025
,04/07/2025
,14/07/2025
,16/07/2025
,24/07/2025
,29/07/2025
,03/08/2025
,05/08/2025
,08/08/2025
,09/08/2025
,13/08/2025
,17/08/2025
,23/08/2025
,28/08/2025
,02/09/2025
,02/09/2025
,14/09/2025
,22/09/2025
,27/09/2025
,04/10/2025
,14/10/2025
,17/10/2025
,27/10/2025
,28/10/2025
,03/11/2025
,05/11/2025
,06/11/2025
,11/11/2025
,13/11/2025
,16/11/2025
,21/11/2025
,21/11/2025
,23/11/2025
,26/11/2025
,29/11/2025
,01/12/2025
,11/12/2025
,23/12/2025
,26/12/2025
,31/12/2025
,31/12/2025
,01/01/2022
,05/01/2022
,06/01/2022
,13/01/2022
,16/01/2022
,21/01/2022
,29/01/2022
,31/01/2022
,05/02/2022
,06/02/2022
,10/02/2022
,14/02/2022
,15/02/2022
,20/02/2022
,22/02/2022
,25/02/2022
,02/03/2022
,07/03/2022
,10/03/2022
,12/03/2022
,17/03/2022
,26/03/2022
,27/03/2022
,01/04/2022
,06/04/2022
,11/04/2022
,11/04/2022
,16/04/2022
,19/04/2022
,21/04/2022
,01/05/2022
,05/05/2022
,06/05/2022
,06/05/2022
,13/05/2022
,16/05/2022
,21/05/2022
,21/05/2022
,23/05/2022
,05/06/2022
,10/06/2022
,26/06/2022
,30/06/2022
,30/06/2022
,08/07/2022
,10/07/2022
,13/07/2022
,16/07/2022
,20/07/2022
,24/07/2022
,25/07/2022
,30/07/2022
,30/07/2022
,04/08/2022
,09/08/2022
,09/08/2022
,17/08/2022
,10/09/2022
,18/09/2022
,18/09/2022
,03/10/2022
,04/10/2022
,13/10/2022
,23/10/2022
,23/10/2022
,28/10/2022
,28/10/2022
,02/11/2022
,09/11/2022
,12/11/2022
,13/11/2022
,17/11/2022
,21/11/2022
,22/11/2022
,26/11/2022
,27/11/2022
,02/12/2022
,07/12/2022
,07/12/2022
,13/12/2022
,15/12/2022
,17/12/2022
,22/12/2022
,27/12/2022
,01/01/2023
,06/01/2023
,08/01/2023
,11/01/2023
,16/01/2023
,16/01/2023
,21/01/2023
,24/01/2023
,31/01/2023
,01/02/2023
,05/02/2023
,07/02/2023
,09/02/2023
,15/02/2023
,17/02/2023
,20/02/2023
,24/02/2023
,25/02/2023
,25/02/2023
,02/03/2023
,07/03/2023
,12/03/2023
,17/03/2023
,21/03/2023
,22/03/2023
,27/03/2023
,01/04/2023
,06/04/2023
,06/04/2023
,14/04/2023
,21/04/2023
,30/04/2023
,01/05/2023
,08/05/2023
,11/05/2023
,18/05/2023
,21/05/2023
,26/05/2023
,31/05/2023
,05/06/2023
,10/06/2023
,15/06/2023
,17/06/2023
,20/06/2023
,03/07/2023
,05/07/2023
,11/07/2023
,15/07/2023
,19/07/2023
,20/07/2023
,25/07/2023
,28/07/2023
,09/08/2023
,24/08/2023
,29/08/2023
,03/09/2023
,13/09/2023
,13/09/2023
,15/09/2023
,18/09/2023
,21/09/2023
,23/09/2023
,28/09/2023
,29/09/2023
,03/10/2023
,12/10/2023
,13/10/2023
,18/10/2023
,23/10/2023
,23/10/2023
,31/10/2023
,02/11/2023
,07/11/2023
,08/11/2023
,12/11/2023
,16/11/2023
,17/11/2023
,24/11/2023
,07/12/2023
,12/12/2023
,17/12/2023
,18/12/2023
,22/12/2023
,01/01/2024
,03/01/2024
,06/01/2024
,16/01/2024
,26/01/2024
,27/01/2024
,31/01/2024
,04/02/2024
,05/02/2024
,10/02/2024
,12/02/2024
,15/02/2024
,20/02/2024
,20/02/2024
,25/02/2024
,28/02/2024
,01/03/2024
,06/03/2024
,07/03/2024
,11/03/2024
,15/03/2024
,16/03/2024
,21/03/2024
,23/03/2024
,26/03/2024
,31/03/2024
,31/03/2024
,05/04/2024
,08/04/2024
,10/04/2024
,15/04/2024
,16/04/2024
,20/04/2024
,24/04/2024
,25/04/2024
,30/04/2024
,05/05/2024
,15/05/2024
,18/05/2024
,20/05/2024
,25/05/2024
,26/05/2024
,30/05/2024
,03/06/2024
,04/06/2024
,11/06/2024
,14/06/2024
,04/07/2024
,05/07/2024
,09/07/2024
,14/07/2024
,29/07/2024
,29/07/2024
,03/08/2024
,06/08/2024
,13/08/2024
,14/08/2024
,18/08/2024
,30/08/2024
,17/09/2024
,22/09/2024
,01/10/2024
,09/10/2024
,12/10/2024
,17/10/2024
,17/10/2024
,22/10/2024
,25/10/2024
,02/11/2024
,06/11/2024
,10/11/2024
,11/11/2024
,16/11/2024
,18/11/2024
,21/11/2024
,26/11/2024
,26/11/2024
,01/12/2024
,04/12/2024
,06/12/2024
,11/12/2024
,12/12/2024
,16/12/2024
,21/12/2024
,26/12/2024
,28/12/2024
,31/12/2024
,10/01/2025
,13/01/2025
,15/01/2025
,20/01/2025
,21/01/2025
,25/01/2025
,29/01/2025
,30/01/2025
,04/02/2025
,06/02/2025
,09/02/2025
,14/02/2025
,14/02/2025
,22/02/2025
,24/02/2025
,01/03/2025
,02/03/2025
,06/03/2025
,10/03/2025
,11/03/2025
,16/03/2025
,18/03/2025
,18/03/2025
,21/03/2025
,31/03/2025
,03/04/2025
,05/04/2025
,07/04/2025
,10/04/2025
,11/04/2025
,15/04/2025
,19/04/2025
,20/04/2025
,25/04/2025
,27/04/2025
,27/04/2025
,05/05/2025
,05/05/2025
,15/05/2025
,17/05/2025
,20/05/2025
,21/05/2025
,25/05/2025
,29/05/2025
,04/06/2025
,06/06/2025
,06/06/2025
,04/07/2025
,14/07/2025
,16/07/2025
,16/07/2025
,19/07/2025
,24/07/2025
,24/07/2025
,29/07/2025
,01/08/2025
,03/08/2025
,05/08/2025
,08/08/2025
,09/08/2025
,13/08/2025
,23/08/2025
,25/08/2025
,25/08/2025
,28/08/2025
,02/09/2025
,02/09/2025
,14/09/2025
,18/09/2025
,22/09/2025
,26/09/2025
,27/09/2025
,04/10/2025
,14/10/2025
,27/10/2025
,28/10/2025
,01/11/2025
,03/11/2025
,05/11/2025
,06/11/2025
,11/11/2025
,13/11/2025
,16/11/2025
,21/11/2025
,21/11/2025
,23/11/2025
,26/11/2025
,29/11/2025
,01/12/2025
,07/12/2025
,16/12/2025
,21/12/2025
,23/12/2025
,26/12/2025
,31/12/2025
,31/12/2025
,01/01/2022
,05/01/2022
,06/01/2022
,16/01/2022
,26/01/2022
,29/01/2022
,31/01/2022
,05/02/2022
,06/02/2022
,10/02/2022
,14/02/2022
,20/02/2022
,22/02/2022
,25/02/2022
,02/03/2022
,02/03/2022
,10/03/2022
,12/03/2022
,17/03/2022
,26/03/2022
,27/03/2022
,01/04/2022
,03/04/2022
,06/04/2022
,11/04/2022
,12/04/2022
,16/04/2022
,19/04/2022
,20/04/2022
,21/04/2022
,27/04/2022
,28/04/2022
,05/05/2022
,06/05/2022
,13/05/2022
,14/05/2022
,16/05/2022
,21/05/2022
,21/05/2022
,26/05/2022
,31/05/2022
,05/06/2022
,06/06/2022
,10/06/2022
,23/06/2022
,25/06/2022
,30/06/2022
,30/06/2022
,08/07/2022
,10/07/2022
,16/07/2022
,20/07/2022
,24/07/2022
,30/07/2022
,09/08/2022
,18/08/2022
,24/08/2022
,25/08/2022
,10/09/2022
,11/09/2022
,03/10/2022
,13/10/2022
,20/10/2022
,23/10/2022
,23/10/2022
,28/10/2022
,28/10/2022
,02/11/2022
,09/11/2022
,12/11/2022
,13/11/2022
,17/11/2022
,21/11/2022
,22/11/2022
,26/11/2022
,27/11/2022
,02/12/2022
,07/12/2022
,07/12/2022
,13/12/2022
,15/12/2022
,17/12/2022
,22/12/2022
,27/12/2022
,01/01/2023
,06/01/2023
,08/01/2023
,11/01/2023
,16/01/2023
,16/01/2023
,21/01/2023
,24/01/2023
,26/01/2023
,31/01/2023
,01/02/2023
,02/02/2023
,05/02/2023
,07/02/2023
,09/02/2023
,10/02/2023
,15/02/2023
,17/02/2023
,18/02/2023
,20/02/2023
,24/02/2023
,25/02/2023
,25/02/2023
,02/03/2023
,05/03/2023
,07/03/2023
,12/03/2023
,13/03/2023
,17/03/2023
,21/03/2023
,22/03/2023
,27/03/2023
,01/04/2023
,04/04/2023
,06/04/2023
,14/04/2023
,16/04/2023
,21/04/2023
,30/04/2023
,01/05/2023
,08/05/2023
,09/05/2023
,17/05/2023
,18/05/2023
,21/05/2023
,26/05/2023
,05/06/2023
,10/06/2023
,15/06/2023
,17/06/2023
,20/06/2023
,11/07/2023
,19/07/2023
,20/07/2023
,09/08/2023
,28/08/2023
,29/08/2023
,03/09/2023
,05/09/2023
,08/09/2023
,13/09/2023
,13/09/2023
,15/09/2023
,21/09/2023
,23/09/2023
,28/09/2023
,29/09/2023
,12/10/2023
,18/10/2023
,23/10/2023
,31/10/2023
,07/11/2023
,08/11/2023
,16/11/2023
,17/11/2023
,24/11/2023
,25/11/2023
,07/12/2023
,12/12/2023
,17/12/2023
,22/12/2023
,01/01/2024
,06/01/2024
,16/01/2024
,26/01/2024
,27/01/2024
,31/01/2024
,04/02/2024
,05/02/2024
,05/02/2024
,10/02/2024
,12/02/2024
,15/02/2024
,20/02/2024
,20/02/2024
,21/02/2024
,25/02/2024
,29/02/2024
,01/03/2024
,06/03/2024
,07/03/2024
,11/03/2024
,15/03/2024
,16/03/2024
,16/03/2024
,21/03/2024
,23/03/2024
,26/03/2024
,31/03/2024
,31/03/2024
,01/04/2024
,05/04/2024
,08/04/2024
,10/04/2024
,17/04/2024
,20/04/2024
,24/04/2024
,25/04/2024
,25/04/2024
,30/04/2024
,05/05/2024
,10/05/2024
,11/05/2024
,15/05/2024
,18/05/2024
,20/05/2024
,25/05/2024
,26/05/2024
,27/05/2024
,30/05/2024
,03/06/2024
,04/06/2024
,04/06/2024
,11/06/2024
,24/06/2024
,29/06/2024
,04/07/2024
,05/07/2024
,06/07/2024
,09/07/2024
,13/07/2024
,29/07/2024
,29/07/2024
,03/08/2024
,14/08/2024
,18/08/2024
,23/08/2024
,23/08/2024
,30/08/2024
,17/09/2024
,22/09/2024
,23/09/2024
,09/10/2024
,12/10/2024
,17/10/2024
,22/10/2024
,01/11/2024
,02/11/2024
,06/11/2024
,10/11/2024
,11/11/2024
,16/11/2024
,18/11/2024
,21/11/2024
,26/11/2024
,26/11/2024
,27/11/2024
,01/12/2024
,04/12/2024
,06/12/2024
,11/12/2024
,12/12/2024
,16/12/2024
,21/12/2024
,26/12/2024
,28/12/2024
,31/12/2024
,13/01/2025
,15/01/2025
,20/01/2025
,21/01/2025
,25/01/2025
,30/01/2025
,04/02/2025
,06/02/2025
,07/02/2025
,09/02/2025
,15/02/2025
,22/02/2025
,24/02/2025
,01/03/2025
,02/03/2025
,06/03/2025
,10/03/2025
,11/03/2025
,16/03/2025
,18/03/2025
,18/03/2025
,21/03/2025
,26/03/2025
,03/04/2025
,05/04/2025
,07/04/2025
,10/04/2025
,11/04/2025
,12/04/2025
,15/04/2025
,19/04/2025
,20/04/2025
,20/04/2025
,25/04/2025
,27/04/2025
,27/04/2025
,05/05/2025
,05/05/2025
,15/05/2025
,17/05/2025
,20/05/2025
,21/05/2025
,22/05/2025
,06/06/2025
,06/06/2025
,09/06/2025
,04/07/2025
,08/07/2025
,14/07/2025
,16/07/2025
,16/07/2025
,24/07/2025
,24/07/2025
,29/07/2025
,01/08/2025
,03/08/2025
,05/08/2025
,08/08/2025
,09/08/2025
,13/08/2025
,17/08/2025
,25/08/2025
,25/08/2025
,28/08/2025
,02/09/2025
,14/09/2025
,17/09/2025
,18/09/2025
,22/09/2025
,27/09/2025
,07/10/2025
,13/10/2025
,14/10/2025
,17/10/2025
,27/10/2025
,28/10/2025
,01/11/2025
,03/11/2025
,06/11/2025
,11/11/2025
,13/11/2025
,16/11/2025
,21/11/2025
,21/11/2025
,23/11/2025
,26/11/2025
,29/11/2025
,01/12/2025
,11/12/2025
,16/12/2025
,21/12/2025
,23/12/2025
,24/12/2025
,26/12/2025
,31/12/2025
,31/12/2025
,01/01/2022
,05/01/2022
,06/01/2022
,13/01/2022
,16/01/2022
,26/01/2022
,29/01/2022
,31/01/2022
,06/02/2022
,10/02/2022
,14/02/2022
,15/02/2022
,20/02/2022
,22/02/2022
,25/02/2022
,02/03/2022
,02/03/2022
,07/03/2022
,10/03/2022
,12/03/2022
,17/03/2022
,26/03/2022
,27/03/2022
,01/04/2022
,06/04/2022
,11/04/2022
,16/04/2022
,19/04/2022
,21/04/2022
,27/04/2022
,01/05/2022
,05/05/2022
,06/05/2022
,06/05/2022
,11/05/2022
,13/05/2022
,16/05/2022
,21/05/2022
,21/05/2022
,23/05/2022
,26/05/2022
,31/05/2022
,05/06/2022
,10/06/2022
,25/06/2022
,30/06/2022
,30/06/2022
,05/07/2022
,10/07/2022
,13/07/2022
,24/07/2022
,25/07/2022
,30/07/2022
,30/07/2022
,04/08/2022
,09/08/2022
,09/08/2022
,14/08/2022
,17/08/2022
,24/08/2022
,25/08/2022
,10/09/2022
,13/09/2022
,23/09/2022
,03/10/2022
,04/10/2022
,12/10/2022
,13/10/2022
,23/10/2022
,23/10/2022
,28/10/2022
,28/10/2022
,02/11/2022
,05/11/2022
,09/11/2022
,12/11/2022
,13/11/2022
,17/11/2022
,21/11/2022
,22/11/2022
,26/11/2022
,27/11/2022
,29/11/2022
,02/12/2022
,07/12/2022
,07/12/2022
,13/12/2022
,15/12/2022
,17/12/2022
,22/12/2022
,27/12/2022
,01/01/2023
,06/01/2023
,08/01/2023
,11/01/2023
,16/01/2023
,16/01/2023
,21/01/2023
,24/01/2023
,26/01/2023
,31/01/2023
,01/02/2023
,05/02/2023
,07/02/2023
,09/02/2023
,10/02/2023
,15/02/2023
,17/02/2023
,20/02/2023
,24/02/2023
,25/02/2023
,25/02/2023
,02/03/2023
,05/03/2023
,07/03/2023
,12/03/2023
,13/03/2023
,17/03/2023
,21/03/2023
,22/03/2023
,27/03/2023
,01/04/2023
,04/04/2023
,06/04/2023
,06/04/2023
,14/04/2023
,16/04/2023
,21/04/2023
,30/04/2023
,08/05/2023
,11/05/2023
,16/05/2023
,16/05/2023
,18/05/2023
,21/05/2023
,26/05/2023
,31/05/2023
,01/06/2023
,05/06/2023
,09/06/2023
,10/06/2023
,15/06/2023
,17/06/2023
,20/06/2023
,25/06/2023
,05/07/2023
,10/07/2023
,15/07/2023
,19/07/2023
,20/07/2023
,09/08/2023
,12/08/2023
,29/08/2023
,08/09/2023
,13/09/2023
,15/09/2023
,18/09/2023
,21/09/2023
,23/09/2023
,28/09/2023
,29/09/2023
,03/10/2023
,12/10/2023
,13/10/2023
,18/10/2023
,23/10/2023
,23/10/2023
,31/10/2023
,02/11/2023
,07/11/2023
,08/11/2023
,12/11/2023
,16/11/2023
,17/11/2023
,24/11/2023
,12/12/2023
,17/12/2023
,18/12/2023
,22/12/2023
,01/01/2024
,06/01/2024
,16/01/2024
,16/01/2024
,26/01/2024
,27/01/2024
,04/02/2024
,05/02/2024
,10/02/2024
,12/02/2024
,15/02/2024
,20/02/2024
,20/02/2024
,25/02/2024
,28/02/2024
,01/03/2024
,06/03/2024
,07/03/2024
,11/03/2024
,15/03/2024
,16/03/2024
,21/03/2024
,23/03/2024
,26/03/2024
,31/03/2024
,31/03/2024
,05/04/2024
,08/04/2024
,10/04/2024
,15/04/2024
,16/04/2024
,20/04/2024
,24/04/2024
,25/04/2024
,30/04/2024
,02/05/2024
,05/05/2024
,10/05/2024
,15/05/2024
,18/05/2024
,20/05/2024
,25/05/2024
,26/05/2024
,30/05/2024
,03/06/2024
,04/06/2024
,11/06/2024
,14/06/2024
,29/06/2024
,04/07/2024
,05/07/2024
,09/07/2024
,14/07/2024
,21/07/2024
,29/07/2024
,29/07/2024
,03/08/2024
,06/08/2024
,08/08/2024
,13/08/2024
,14/08/2024
,18/08/2024
,22/08/2024
,23/08/2024
,30/08/2024
,22/09/2024
,23/09/2024
,09/10/2024
,12/10/2024
,17/10/2024
,17/10/2024
,22/10/2024
,25/10/2024
,01/11/2024
,02/11/2024
,06/11/2024
,10/11/2024
,11/11/2024
,16/11/2024
,18/11/2024
,26/11/2024
,26/11/2024
,01/12/2024
,04/12/2024
,06/12/2024
,11/12/2024
,12/12/2024
,16/12/2024
,26/12/2024
,28/12/2024
,31/12/2024
,13/01/2025
,15/01/2025
,20/01/2025
,21/01/2025
,25/01/2025
,30/01/2025
,04/02/2025
,06/02/2025
,09/02/2025
,14/02/2025
,14/02/2025
,22/02/2025
,24/02/2025
,01/03/2025
,02/03/2025
,06/03/2025
,10/03/2025
,11/03/2025
,16/03/2025
,18/03/2025
,18/03/2025
,21/03/2025
,26/03/2025
,26/03/2025
,03/04/2025
,05/04/2025
,07/04/2025
,10/04/2025
,11/04/2025
,15/04/2025
,19/04/2025
,20/04/2025
,25/04/2025
,27/04/2025
,27/04/2025
,30/04/2025
,05/05/2025
,05/05/2025
,10/05/2025
,13/05/2025
,15/05/2025
,17/05/2025
,20/05/2025
,21/05/2025
,06/06/2025
,06/06/2025
,09/06/2025
,04/07/2025
,16/07/2025
,19/07/2025
,24/07/2025
,24/07/2025
,29/07/2025
,01/08/2025
,03/08/2025
,05/08/2025
,08/08/2025
,09/08/2025
,13/08/2025
,17/08/2025
,23/08/2025
,25/08/2025
,25/08/2025
,28/08/2025
,07/09/2025
,10/09/2025
,14/09/2025
,22/09/2025
,27/09/2025
,02/10/2025
,07/10/2025
,12/10/2025
,14/10/2025
,17/10/2025
,27/10/2025
,28/10/2025
,01/11/2025
,05/11/2025
,06/11/2025
,11/11/2025
,13/11/2025
,16/11/2025
,21/11/2025
,21/11/2025
,23/11/2025
,26/11/2025
,29/11/2025
,01/12/2025
,07/12/2025
,11/12/2025
,21/12/2025
,23/12/2025
,26/12/2025
,31/12/2025
,31/12/2025
,01/01/2022
,05/01/2022
,06/01/2022
,13/01/2022
,16/01/2022
,21/01/2022
,26/01/2022
,29/01/2022
,31/01/2022
,06/02/2022
,10/02/2022
,14/02/2022
,22/02/2022
,25/02/2022
,02/03/2022
,02/03/2022
,07/03/2022
,10/03/2022
,12/03/2022
,17/03/2022
,26/03/2022
,27/03/2022
,01/04/2022
,06/04/2022
,11/04/2022
,11/04/2022
,16/04/2022
,19/04/2022
,05/05/2022
,06/05/2022
,06/05/2022
,13/05/2022
,16/05/2022
,21/05/2022
,23/05/2022
,26/05/2022
,05/06/2022
,06/06/2022
,10/06/2022
,26/06/2022
,30/06/2022
,30/06/2022
,05/07/2022
,10/07/2022
,13/07/2022
,16/07/2022
,20/07/2022
,25/07/2022
,30/07/2022
,04/08/2022
,09/08/2022
,09/08/2022
,24/08/2022
,10/09/2022
,13/09/2022
,19/09/2022
,03/10/2022
,12/10/2022
,13/10/2022
,23/10/2022
,23/10/2022
,02/11/2022
,09/11/2022
,13/11/2022
,17/11/2022
,21/11/2022
,22/11/2022
,27/11/2022
,02/12/2022
,07/12/2022
,07/12/2022
,13/12/2022
,15/12/2022
,17/12/2022
,27/12/2022
,06/01/2023
,08/01/2023
,11/01/2023
,16/01/2023
,16/01/2023
,21/01/2023
,24/01/2023
,26/01/2023
,31/01/2023
,01/02/2023
,05/02/2023
,07/02/2023
,09/02/2023
,10/02/2023
,15/02/2023
,17/02/2023
,20/02/2023
,24/02/2023
,25/02/2023
,25/02/2023
,02/03/2023
,07/03/2023
,12/03/2023
,13/03/2023
,17/03/2023
,21/03/2023
,22/03/2023
,27/03/2023
,01/04/2023
,04/04/2023
,06/04/2023
,06/04/2023
,14/04/2023
,16/04/2023
,21/04/2023
,26/04/2023
,30/04/2023
,01/05/2023
,08/05/2023
,11/05/2023
,16/05/2023
,18/05/2023
,21/05/2023
,31/05/2023
,01/06/2023
,05/06/2023
,10/06/2023
,15/06/2023
,17/06/2023
,20/06/2023
,11/07/2023
,15/07/2023
,19/07/2023
,20/07/2023
,28/07/2023
,09/08/2023
,12/08/2023
,29/08/2023
,05/09/2023
,08/09/2023
,13/09/2023
,13/09/2023
,15/09/2023
,18/09/2023
,21/09/2023
,23/09/2023
,29/09/2023
,12/10/2023
,13/10/2023
,18/10/2023
,23/10/2023
,31/10/2023
,02/11/2023
,07/11/2023
,08/11/2023
,16/11/2023
,17/11/2023
,24/11/2023
,12/12/2023
,17/12/2023
,22/12/2023
,01/01/2024
,03/01/2024
,06/01/2024
,16/01/2024
,16/01/2024
,26/01/2024
,27/01/2024
,04/02/2024
,05/02/2024
,10/02/2024
,12/02/2024
,15/02/2024
,20/02/2024
,20/02/2024
,25/02/2024
,28/02/2024
,01/03/2024
,06/03/2024
,07/03/2024
,11/03/2024
,15/03/2024
,16/03/2024
,21/03/2024
,23/03/2024
,26/03/2024
,31/03/2024
,31/03/2024
,05/04/2024
,08/04/2024
,10/04/2024
,15/04/2024
,16/04/2024
,20/04/2024
,24/04/2024
,25/04/2024
,05/05/2024
,15/05/2024
,18/05/2024
,20/05/2024
,25/05/2024
,26/05/2024
,30/05/2024
,03/06/2024
,04/06/2024
,11/06/2024
,27/06/2024
,29/06/2024
,04/07/2024
,05/07/2024
,13/07/2024
,21/07/2024
,29/07/2024
,29/07/2024
,03/08/2024
,06/08/2024
,02/09/2024
,22/09/2024
,09/10/2024
,12/10/2024
,22/10/2024
,25/10/2024
,10/11/2024
,11/11/2024
,16/11/2024
,18/11/2024
,26/11/2024
,01/12/2024
,04/12/2024
,06/12/2024
,11/12/2024
,12/12/2024
,26/12/2024
,28/12/2024
,31/12/2024
,13/01/2025
,15/01/2025
,20/01/2025
,21/01/2025
,25/01/2025
,30/01/2025
,04/02/2025
,06/02/2025
,09/02/2025
,14/02/2025
,14/02/2025
,22/02/2025
,24/02/2025
,01/03/2025
,02/03/2025
,10/03/2025
,11/03/2025
,16/03/2025
,18/03/2025
,18/03/2025
,21/03/2025
,26/03/2025
,31/03/2025
,03/04/2025
,05/04/2025
,07/04/2025
,10/04/2025
,11/04/2025
,15/04/2025
,19/04/2025
,20/04/2025
,27/04/2025
,27/04/2025
,30/04/2025
,15/05/2025
,17/05/2025
,20/05/2025
,21/05/2025
,06/06/2025
,06/06/2025
,14/06/2025
,04/07/2025
,14/07/2025
,16/07/2025
,24/07/2025
,29/07/2025
,03/08/2025
,05/08/2025
,08/08/2025
,09/08/2025
,13/08/2025
,17/08/2025
,23/08/2025
,25/08/2025
,25/08/2025
,28/08/2025
,02/09/2025
,02/09/2025
,14/09/2025
,17/09/2025
,22/09/2025
,27/09/2025
,04/10/2025
,07/10/2025
,12/10/2025
,12/10/2025
,14/10/2025
,17/10/2025
,27/10/2025
,28/10/2025
,03/11/2025
,05/11/2025
,06/11/2025
,11/11/2025
,13/11/2025
,16/11/2025
,21/11/2025
,21/11/2025
,23/11/2025
,26/11/2025
,29/11/2025
,01/12/2025
,11/12/2025
,23/12/2025
,26/12/2025
,31/12/2025
,31/12/2025
,01/01/2022
,05/01/2022
,06/01/2022
,13/01/2022
,16/01/2022
,26/01/2022
,29/01/2022
,31/01/2022
,06/02/2022
,10/02/2022
,20/02/2022
,22/02/2022
,25/02/2022
,02/03/2022
,02/03/2022
,07/03/2022
,10/03/2022
,12/03/2022
,26/03/2022
,27/03/2022
,01/04/2022
,06/04/2022
,11/04/2022
,11/04/2022
,16/04/2022
,19/04/2022
,21/04/2022
,27/04/2022
,01/05/2022
,05/05/2022
,06/05/2022
,06/05/2022
,11/05/2022
,13/05/2022
,16/05/2022
,21/05/2022
,21/05/2022
,23/05/2022
,26/05/2022
,05/06/2022
,06/06/2022
,10/06/2022
,15/06/2022
,26/06/2022
,30/06/2022
,30/06/2022
,05/07/2022
,10/07/2022
,13/07/2022
,20/07/2022
,24/07/2022
,30/07/2022
,30/07/2022
,01/08/2022
,04/08/2022
,09/08/2022
,09/08/2022
,17/08/2022
,24/08/2022
,25/08/2022
,10/09/2022
,03/10/2022
,12/10/2022
,13/10/2022
,23/10/2022
,23/10/2022
,28/10/2022
,28/10/2022
,02/11/2022
,05/11/2022
,09/11/2022
,12/11/2022
,17/11/2022
,21/11/2022
,22/11/2022
,26/11/2022
,27/11/2022
,02/12/2022
,07/12/2022
,07/12/2022
,13/12/2022
,15/12/2022
,17/12/2022
,22/12/2022
,27/12/2022
,01/01/2023
,06/01/2023
,08/01/2023
,11/01/2023
,16/01/2023
,16/01/2023
,21/01/2023
,21/01/2023
,26/01/2023
,31/01/2023
,01/02/2023
,05/02/2023
,07/02/2023
,09/02/2023
,10/02/2023
,15/02/2023
,17/02/2023
,20/02/2023
,24/02/2023
,25/02/2023
,25/02/2023
,02/03/2023
,05/03/2023
,07/03/2023
,13/03/2023
,17/03/2023
,21/03/2023
,22/03/2023
,27/03/2023
,01/04/2023
,04/04/2023
,06/04/2023
,14/04/2023
,16/04/2023
,21/04/2023
,26/04/2023
,26/04/2023
,30/04/2023
,08/05/2023
,11/05/2023
,16/05/2023
,16/05/2023
,18/05/2023
,21/05/2023
,26/05/2023
,05/06/2023
,09/06/2023
,10/06/2023
,15/06/2023
,17/06/2023
,20/06/2023
,05/07/2023
,11/07/2023
,15/07/2023
,19/07/2023
,20/07/2023
,28/07/2023
,09/08/2023
,12/08/2023
,29/08/2023
,05/09/2023
,13/09/2023
,13/09/2023
,15/09/2023
,18/09/2023
,21/09/2023
,23/09/2023
,28/09/2023
,29/09/2023
,03/10/2023
,18/10/2023
,23/10/2023
,23/10/2023
,31/10/2023
,07/11/2023
,08/11/2023
,12/11/2023
,16/11/2023
,17/11/2023
,24/11/2023
,12/12/2023
,17/12/2023
,22/12/2023
,01/01/2024
,06/01/2024
,16/01/2024
,16/01/2024
,26/01/2024
,27/01/2024
,04/02/2024
,05/02/2024
,10/02/2024
